"ALIAS","Date.EST","WY","Chla","Color","PAR","Sal","SRP","TN","TP","Turb","DIN","Data.Value","q.30d","Dist_km"
"CES02",2016-09-13,2017,3.9,160,7.5,0.2,84,1.26,110,4.1,0.272,0.0054314076,0.2263575816,1.79266486354506
"CES02",2013-12-10,2014,3.4,62,7.7,2.7,54,1.182,75,1.7,0.306,0.0035720068,0.05294888436,1.79266486354506
"CES02",2012-06-19,2013,20.4,40,7.7,6.15,123,1.32,192,2.7,0.132,0.00089544828,0.04372283118,1.79266486354506
"CES02",2011-04-21,2011,3.8,32,7.4,8.22,123,0.8425,152,1.2,0.0075,0,0.0131503675,1.79266486354506
"CES02",2013-11-18,2014,1.36,102,7.6,2.33,85,1.336,112,2.9,0.437,0.002691238,0.05530738748,1.79266486354506
"CES02",2012-04-17,2012,22.2,32,7.2,15.7,118,1.0725,200,2.8,0.0085,0,0.01193441724,1.79266486354506
"CES02",2013-05-21,2014,7.93,54,7.8,1.03,61,1.248,103,2.4,0.087,0.0025933748,0.08075181948,1.79266486354506
"CES02",2017-07-12,2018,7.2,164,7.4,0.26,204,1.52,240,2.2,0.252,0.00214565066,0.15471682604,1.79266486354506
"CES02",2010-01-26,2010,8,39,7.6,3.88,42,0.882,88,3.7,0.106,0.00038655964,0.02294402724,1.79266486354506
"CES02",2015-04-14,2015,8.37,37,7.9,0.22,37,0.954,73,2.6,0.044,0.0046729678,0.15338588652,1.79266486354506
"CES02",2018-01-23,2018,6.5,74,7.6,1.79,78,1.32,121,5.3,0.434,0.00103490334,0.078208844228,1.79266486354506
"CES02",2012-10-23,2013,6.34,198,7.1,0.18,73,1.584,116,2.8,0.223,0.0080247824,0.3993063218,1.79266486354506
"CES02",2014-01-07,2014,5.49,55,7.7,3.29,59,1.139,89,2.6,0.304,0.00187408028,0.04967046716,1.79266486354506
"CES02",2014-12-09,2015,2,80,7.5,1.4,53,1.13,74,2.3,0.269,0.0029603618,0.08690496818,1.79266486354506
"CES02",2014-04-09,2014,4.18,41,7.7,0.24,59,1.008,91,1.7,0.102,0.0025199774,0.08329136952,1.79266486354506
"CES02",2014-11-12,2015,2.59,130,7.5,1.45,88,1.44,110,1.1,0.384,0.0006483437,0.07276862894,1.79266486354506
"CES02",2016-01-13,2016,0.736,139,7.5,0.61,93,1.33,110,1.6,0.342,0.00227287282,0.10133979018,1.79266486354506
"CES02",2011-06-02,2012,16.9,28,7.8,16.8,166,1.0625,227,3.4,0.0105,0,0.00219213568,1.79266486354506
"CES02",2013-08-13,2014,3.9,190,7,0.16,45,1.336,81,3.2,0.19,0.0239275524,0.7860372224,1.79266486354506
"CES02",2015-01-21,2015,3.41,70,7.6,1.26,61,1.12,82,2.4,0.27,0.00211873828,0.09881002646,1.79266486354506
"CES02",2012-02-14,2012,1.99,60,7.5,6.26,70,1.203,95,1.4,0.293,0.0002813567,0.03167587126,1.79266486354506
"CES02",2014-03-05,2014,6.36,55,7.5,0.34,62,1.282,92,1.6,0.232,0.00222394122,0.0815445114,1.79266486354506
"CES02",2011-07-20,2012,76.8,90,7.5,0.37,159,1.305,237,2.5,0.042,0.00366987,0.0650545622,1.79266486354506
"CES02",2012-08-01,2013,21.8,114,7.6,0.29,112,1.313,163,2.1,0.03,0.00097618542,0.0721863429,1.79266486354506
"CES02",2016-11-08,2017,3.47,89,7.6,0.17,44,1.16,74,3.4,0.241,0.0037188016,0.2570376948,1.79266486354506
"CES02",2016-05-10,2017,11.6,49,7.7,0.2,59,1.1,105,6.2,0.134,0.004648502,0.1831020472,1.79266486354506
"CES02",2013-02-25,2013,25.2,73,8,0.75,29,1.223,80,1.8,0.024,0.00023976484,0.06711458256,1.79266486354506
"CES02",2011-12-20,2012,1.98,71,7.5,5.71,62,1.124,87,1.8,0.385,0.00032784172,0.0163186886,1.79266486354506
"CES02",2017-09-20,2018,6.11,235,6.8,0.11,182,1.4,275,4.6,0.164,0.0229244546,0.58184076244,1.79266486354506
"CES02",2011-02-09,2011,6.95,41,7.8,2.52,44,1.024,84,3.5,0.115,0.00023976484,0.01838115554,1.79266486354506
"CES02",2012-01-10,2012,11.1,72,7.7,5.59,55,1.222,96,3.2,0.347,0.00017615376,0.03385822062,1.79266486354506
"CES02",2017-10-18,2018,3.2,188,7,0.15,74,1.43,124,4.9,0.221,0.0204778746,0.7928876464,1.79266486354506
"CES02",2011-08-03,2012,12.8,128,7.4,0.79,232,1.425,274,1.2,0.268,0.0026178406,0.0693116114,1.79266486354506
"CES02",2013-04-02,2013,8.54,55,7.9,9.26,31,1.115,69,2.8,0.013,0.00184472132,0.05008638576,1.79266486354506
"CES02",2014-08-12,2015,14.6,164,7.4,0.2,140,1.46,196,2.2,0.312,0.0040123912,0.15348130314,1.79266486354506
"CES02",2015-07-21,2016,52.9,78,7.8,0.25,100,0.969,187,4.1,0.07,0.0032050198,0.06296518288,1.79266486354506
"CES02",2012-12-18,2013,4.36,85,7.5,1.96,55,1.305,76,1.4,0.294,0.00022997852,0.05267976056,1.79266486354506
"CES02",2016-03-08,2016,5.44,114,7.5,0.17,28,1.08,60,4.5,0.113,0.0109851442,0.5162039142,1.79266486354506
"CES02",2015-02-10,2015,2.07,58,7.6,0.23,32,1.03,58,2.5,0.165,0.0027401696,0.10097769634,1.79266486354506
"CES02",2015-08-11,2016,65.8,108,7.6,0.23,101,1.43,180,3.9,0.113,0.00134072584,0.09315598008,1.79266486354506
"CES02",2018-05-15,2019,4.83,45,7.6,1.32,103,1.41,160,6.2,0.409,0.0078535218,0.065561982892,1.79266486354506
"CES02",2014-09-09,2015,1.55,150,7.3,0.24,123,1.49,159,1.6,0.411,0.006728095,0.14560576212,1.79266486354506
"CES02",2013-01-28,2013,4.22,69,7.6,5.61,50,1.114,79,2.4,0.189,0.00026667722,0.05240085044,1.79266486354506
"CES02",2018-10-16,2019,5.32,90,7.4,0.19,72,1.3,107,3.3,0.275,0.0037677332,0.1757745401,1.79266486354506
"CES02",2014-10-14,2015,7.42,160,7.4,0.2,103,1.44,134,1.7,0.345,0.00102022386,0.19298133724,1.79266486354506
"CES02",2017-08-08,2018,23.7,134,7.7,0.24,118,1.03,173,3.3,0.224,0.0029603618,0.13043207296,1.79266486354506
"CES02",2010-08-31,2011,5,126,7.3,0.22,93,1.304,122,1.1,0.31,0.0073642058,0.18589359498,1.79266486354506
"CES02",2016-07-13,2017,3.87,194,7.2,0.16,98,1.28,134,3.8,0.251,0.0074865348,0.4385005334,1.79266486354506
"CES02",2013-03-12,2013,23.1,66,7.8,0.87,37,1.473,100,2.2,0.222,0.002201922,0.073886716,1.79266486354506
"CES02",2010-04-27,2010,4,89,7.3,0.26,85,1.312,121,3.1,0.204,0.0167101414,0.1956285368,1.79266486354506
"CES02",2011-09-13,2012,8.58,184,7.3,0.2,104,1.349,143,2.5,0.296,0.0055292708,0.173951838,1.79266486354506
"CES02",2010-11-30,2011,1.75,74,7.7,4.23,65,1.147,85,3,0.285,0,0.03700696908,1.79266486354506
"CES02",2012-05-08,2013,9.16,31,8.1,12.6,53,1.0225,102,3.1,0.0135,0,0.02084730818,1.79266486354506
"CES02",2013-09-10,2014,3.18,132,7.2,0.19,71,1.336,107,5.1,0.232,0.0186674054,0.7258758202,1.79266486354506
"CES02",2018-08-21,2019,1.96,187,7.2,0.17,102,1.39,138,2.9,0.3,0.0075110006,0.2291711486,1.79266486354506
"CES02",2017-05-16,2018,11.5,39,7.8,4.41,122,1.18,172,2.7,0.114,0.00051867496,0.024366958168,1.79266486354506
"CES02",2010-05-25,2011,4,84,7.4,0.24,68,1.292,95,2.4,0.176,0.008440701,0.3804676558,1.79266486354506
"CES02",2011-05-18,2012,9.57,32,8.2,9.18,123,0.9225,169,1.7,0.0115,0,0.00219213568,1.79266486354506
"CES02",2012-09-19,2013,7.74,188,7.3,0.22,110,1.547,150,2.9,0.318,0.0093214698,0.3107890574,1.79266486354506
"CES02",2010-06-29,2011,29,53,7.7,0.22,44,1.446,95,4.1,0.1,0.007584398,0.2472024432,1.79266486354506
"CES02",2015-10-13,2016,13.9,146,7.4,0.21,74,1.3,109,1.6,0.345,0.00060675184,0.16581940608,1.79266486354506
"CES02",2018-06-26,2019,10.3,214,7.3,0.18,164,1.54,223,10,0.18,0.0076822612,0.3855565422,1.79266486354506
"CES02",2012-07-17,2013,5.08,73,7.7,1.43,143,1.287,181,2.5,0.229,0.0024710458,0.05553981258,1.79266486354506
"CES02",2014-07-08,2015,2.55,93,7.5,0.99,185,1.19,209,1.7,0.245,0.0027157038,0.0649444661,1.79266486354506
"CES02",2014-06-10,2015,9.31,34,7.6,2.85,106,1.04,152,2.7,0.057,0.00159272358,0.03788039814,1.79266486354506
"CES02",2014-02-11,2014,3.31,42,7.6,1.69,39,1,64,2.5,0.159,0.003302883,0.07145481548,1.79266486354506
"CES02",2010-12-21,2011,0.9,49,7.8,3.65,60,1.027,79,0.9,0.256,0,0.02902622512,1.79266486354506
"CES02",2018-04-18,2018,6.72,51,8.1,2.94,101,1.26,149,4,0.249,0.00063855738,0.04500239252,1.79266486354506
"CES02",2011-01-12,2011,1.5,37,7.8,4.97,51,0.939,71,1,0.178,0,0.01136681068,1.79266486354506
"CES02",2011-10-18,2012,0.544,136,7.5,0.26,93,1.208,116,1.9,0.351,0.0074865348,0.06601851472,1.79266486354506
"CES02",2019-04-23,2019,14.1,36,7.9,0.24,104,1.27,167,3.6,0.115,0.00176643076,0.06802226374,1.79266486354506
"CES02",2019-01-22,2019,8.84,42,7.6,2.39,56,1.11,105,3.2,0.132,0.00192545846,0.060163359464,1.79266486354506
"CES02",2012-03-14,2012,2.98,46,7.5,7.75,72,1.053,98,1.6,0.192,0.00012477558,0.03542158524,1.79266486354506
"CES02",2010-09-29,2011,2,117,7.7,0.18,89,1.372,113,3.3,0.413,0.0047463652,0.10597116612,1.79266486354506
"CES02",2013-07-02,2014,4.89,168,7.3,0.22,190,1.551,246,4.2,0.363,0.0236339628,0.2613926072,1.79266486354506
"CES02",2015-03-10,2015,4.79,51,7.7,0.22,41,1.07,77,4.7,0.152,0.0050888864,0.12747660432,1.79266486354506
"CES02",2010-07-28,2011,32,49,7.6,0.19,44,1.362,106,4.3,0.1,0.0038166648,0.372124818,1.79266486354506
"CES02",2009-11-24,2010,4,50,7.7,9.61,132,1.012,160,1.6,0.27,0.00053335444,0.00087587564,1.79266486354506
"CES02",2011-11-01,2012,0.756,177,7.1,0.2,74,1.335,103,2.3,0.282,0.01100961,0.17152238406,1.79266486354506
"CES02",2010-10-27,2011,1,88,7.6,5.64,96,1.092,124,1.4,0.305,0,0.02760231556,1.79266486354506
"CES02",2013-10-08,2014,5.17,143,7.2,0.17,47,1.368,80,3.5,0.22,0.0104468966,0.522711817,1.79266486354506
"CES02",2017-11-28,2018,2.83,136,7.2,0.14,80,1.41,131,6.2,0.266,0.0153889882,0.5595817776,1.79266486354506
"CES02",2017-04-12,2017,1.62,37,7.7,2.73,80,1.03,125,2.7,0.128,0.00032784172,0.04426107878,1.79266486354506
"CES03",2013-05-21,2014,22.1,56,8,1.02,57,1.2125,110,5,0.0145,0.0025933748,0.08075181948,6.48771359087814
"CES03",2014-03-05,2014,6.17,53,7.5,0.35,63,1.214,91,1.4,0.22,0.00222394122,0.0815445114,6.48771359087814
"CES03",2015-03-10,2015,9.37,46,7.8,0.23,41,1,73,3,0.132,0.0050888864,0.12747660432,6.48771359087814
"CES03",2013-08-13,2014,4,187,7.1,0.17,55,1.477,116,5.6,0.226,0.0239275524,0.7860372224,6.48771359087814
"CES03",2011-02-09,2011,7,34,7.9,3.17,37,0.925,68,2,0.065,0.00023976484,0.01838115554,6.48771359087814
"CES03",2010-09-29,2011,2,122,7.6,0.21,73,1.309,96,4.7,0.323,0.0047463652,0.10597116612,6.48771359087814
"CES03",2009-01-27,2009,18,69,7.7,0.26,83,1.477,128,3.3,0.242,0.00030092934,0.04469657002,6.48771359087814
"CES03",2018-08-21,2019,2.96,190,7.2,0.17,100,1.41,138,2.5,0.306,0.0075110006,0.2291711486,6.48771359087814
"CES03",2008-06-18,2009,35,30,8.3,15.1,159,1.53,294,8.7,0.069,0.00014434822,0.0030092934,6.48771359087814
"CES03",2005-08-22,2006,2.59,122.5,7.19,0.2,50,1.4,115,11.8,0.1805,0.0192790504,0.6560748928,6.48771359087814
"CES03",2011-12-20,2012,7.17,74,7.6,5.07,57,1.128,84,1.4,0.361,0.00032784172,0.0163186886,6.48771359087814
"CES03",2008-05-19,2009,20,29,7.6,18,111,0.8925,167,3.6,0.0085,0,0,6.48771359087814
"CES03",2007-04-23,2007,18,34,7.2,19.6,125,1.058,198,4.3,0.083,0,0,6.48771359087814
"CES03",2006-12-19,2007,2,53,7.6,8.3,89,1.195,116,1.6,0.417,0.00140189034,0.00986461056,6.48771359087814
"CES03",2011-05-18,2012,17.6,30,8.2,10.7,124,0.9825,185,1.7,0.0105,0,0.00219213568,6.48771359087814
"CES03",2017-07-12,2018,7.91,161,7.4,0.25,205,1.47,241,2,0.246,0.00214565066,0.15471682604,6.48771359087814
"CES03",2012-08-01,2013,16.8,118,7.6,0.34,111,1.329,154,2.1,0.077,0.00097618542,0.0721863429,6.48771359087814
"CES03",2008-07-28,2009,22,160,7.4,0.27,210,1.634,262,3.5,0.403,0.003914528,0.10917129276,6.48771359087814
"CES03",2018-06-26,2019,3.64,211,7.4,0.18,161,1.49,205,5.4,0.202,0.0076822612,0.3855565422,6.48771359087814
"CES03",2010-08-31,2011,4,140,7.2,0.2,89,1.322,120,3.6,0.28,0.0073642058,0.18589359498,6.48771359087814
"CES03",2008-02-25,2008,39,33,8,12.1,46,1.114,127,4,0.065,0,0.00365029736,6.48771359087814
"CES03",2014-01-07,2014,3.57,54,7.8,3.61,58,1.104,78,1.2,0.275,0.00187408028,0.04967046716,6.48771359087814
"CES03",2008-10-27,2009,2,133,7.7,0.62,117,1.472,151,4,0.478,0.002691238,0.1601775926,6.48771359087814
"CES03",2012-09-19,2013,7.88,189,7.3,0.21,106,1.48,138,3.9,0.297,0.0093214698,0.3107890574,6.48771359087814
"CES03",2014-07-08,2015,3.53,84,7.4,0.99,182,1.16,207,1.8,0.234,0.0027157038,0.0649444661,6.48771359087814
"CES03",2010-05-25,2011,4,84,7.4,0.24,73,1.33,102,2.4,0.207,0.008440701,0.3804676558,6.48771359087814
"CES03",2016-11-08,2017,4.98,92,8,0.22,46,1.14,73,2.8,0.246,0.0037188016,0.2570376948,6.48771359087814
"CES03",2012-12-18,2013,5.75,84,7.5,1.93,54,1.239,74,2.1,0.28,0.00022997852,0.05267976056,6.48771359087814
"CES03",2018-04-18,2018,8.04,49,7.8,2.79,93,1.16,136,3.5,0.202,0.00063855738,0.04500239252,6.48771359087814
"CES03",2008-08-26,2009,2,211,5.9,0.12,234,1.335,277,3.4,0.205,0.032050198,0.32588200942,6.48771359087814
"CES03",2013-11-18,2014,3.5,99,7.7,2.27,89,1.367,114,1.9,0.467,0.002691238,0.05530738748,6.48771359087814
"CES03",2018-05-15,2019,6.08,44,7.5,2.61,109,1.26,148,3.6,0.337,0.0078535218,0.065561982892,6.48771359087814
"CES03",2011-10-18,2012,0.62,145,7.5,0.33,93,1.225,116,1.4,0.36,0.0074865348,0.06601851472,6.48771359087814
"CES03",2012-03-14,2012,6.26,46,7.7,6.97,68,1.053,102,1.8,0.167,0.00012477558,0.03542158524,6.48771359087814
"CES03",2013-12-10,2014,3.92,62,7.8,3.22,58,1.15,80,1.4,0.31,0.0035720068,0.05294888436,6.48771359087814
"CES03",2015-10-13,2016,6.82,156,7.5,0.21,71,1.22,101,2,0.288,0.00060675184,0.16581940608,6.48771359087814
"CES03",2014-10-14,2015,3.09,168,7.6,0.2,109,1.41,135,1.9,0.331,0.00102022386,0.19298133724,6.48771359087814
"CES03",2018-01-23,2018,10.2,78,7.8,0.99,77,1.38,126,4.7,0.443,0.00103490334,0.078208844228,6.48771359087814
"CES03",2011-07-20,2012,98.8,76,7.8,0.45,133,1.3125,220,3.1,0.0095,0.00366987,0.0650545622,6.48771359087814
"CES03",2007-03-26,2007,1,34,8.1,16.3,76,0.932,140,4.7,0.013,0,0,6.48771359087814
"CES03",2012-06-19,2013,23.6,39,7.7,6.03,116,1.175,168,3,0.06,0.00089544828,0.04372283118,6.48771359087814
"CES03",2013-04-02,2013,13.5,56,8,9.62,31,1.1425,77,2,0.005,0.00184472132,0.05008638576,6.48771359087814
"CES03",2014-02-11,2014,3.34,44,7.8,1.41,42,1.025,71,1.7,0.173,0.003302883,0.07145481548,6.48771359087814
"CES03",2014-12-09,2015,1.4,71,7.5,1.35,52,1.12,73,2,0.269,0.0029603618,0.08690496818,6.48771359087814
"CES03",2015-07-21,2016,28.7,75,7.8,0.26,99,0.954,158,4.2,0.057,0.0032050198,0.06296518288,6.48771359087814
"CES03",2013-09-10,2014,2.5,131,7.2,0.18,72,1.382,109,5,0.25,0.0186674054,0.7258758202,6.48771359087814
"CES03",2007-06-18,2008,35,35,7.6,12.9,222,1.333,320,3.6,0.149,0.0033518146,0.01175826348,6.48771359087814
"CES03",2015-01-21,2015,1.33,73,7.9,1.35,67,1.2,84,1.8,0.292,0.00211873828,0.09881002646,6.48771359087814
"CES03",2014-08-12,2015,20.8,150,7.3,0.2,119,1.43,177,2.7,0.306,0.0040123912,0.15348130314,6.48771359087814
"CES03",2008-12-29,2009,7,62,7.7,5.24,73,1.301,106,2.6,0.241,0.00149730696,0.03783146654,6.48771359087814
"CES03",2006-09-26,2007,5,178,7.4,0.18,127,1.299,170,2,0.29,0.00193769136,0.50615336356,6.48771359087814
"CES03",2009-08-25,2010,10,138,7.4,0.22,92,1.393,129,2.7,0.257,0.0032539514,0.233893048,6.48771359087814
"CES03",2011-09-13,2012,5.04,211,7.2,0.17,101,1.38,140,3.4,0.258,0.0055292708,0.173951838,6.48771359087814
"CES03",2015-02-10,2015,1.96,63,7.6,0.25,38,1.05,59,1.7,0.192,0.0027401696,0.10097769634,6.48771359087814
"CES03",2010-07-28,2011,33,49,7.8,0.2,26,1.288,90,3.7,0.027,0.0038166648,0.372124818,6.48771359087814
"CES03",2014-09-09,2015,2.35,136,7.4,0.26,132,1.52,165,1.9,0.438,0.006728095,0.14560576212,6.48771359087814
"CES03",2013-02-25,2013,30.5,70,8.1,0.83,31,1.203,80,2.9,0.029,0.00023976484,0.06711458256,6.48771359087814
"CES03",2007-11-26,2008,36,38,7.4,14.4,102,1.101,173,3.7,0.052,0,0.00065079028,6.48771359087814
"CES03",2008-09-29,2009,6,165,7.4,0.21,153,1.879,212,4.4,0.229,0.0084896326,0.36413184114,6.48771359087814
"CES03",2019-04-23,2019,10,35,8,0.24,85,1.11,134,2.7,0.077,0.00176643076,0.06802226374,6.48771359087814
"CES03",2004-07-12,2005,29.3,118.25,8.015,7,201,1.26,279.5,7.92,0.247,0.0017370718,0.03231687522,6.48771359087814
"CES03",2006-10-24,2007,5,100,7.7,2.65,83,1.132,123,2.7,0.215,0,0.019694969,6.48771359087814
"CES03",2016-07-13,2017,5.07,188,7.3,0.17,98,1.3,134,2.8,0.261,0.0074865348,0.4385005334,6.48771359087814
"CES03",2009-04-28,2009,73,41,7.4,10.2,142,1.5725,253,1.7,0.0085,0,0.02180636754,6.48771359087814
"CES03",2014-11-12,2015,6.22,129,7.6,1.22,91,1.46,114,1.2,0.392,0.0006483437,0.07276862894,6.48771359087814
"CES03",2008-03-24,2008,27,31,7.7,13.9,91,1.048,160,4.2,0.073,0,0.00313406898,6.48771359087814
"CES03",2008-04-28,2008,11,27,7.6,14.4,98,0.934,152,3.5,0.069,0,0.00913063656,6.48771359087814
"CES03",2016-09-13,2017,7.48,164,7.7,0.19,80,1.24,110,2.7,0.269,0.0054314076,0.2263575816,6.48771359087814
"CES03",2019-01-22,2019,6.81,36,7.7,2.36,61,1.07,100,2.1,0.134,0.00192545846,0.060163359464,6.48771359087814
"CES03",2007-05-22,2008,4,35,7.7,21,161,1.097,227,3.4,0.022,0,0,6.48771359087814
"CES03",2017-10-18,2018,3.52,184,7.1,0.15,71,1.42,133,7.1,0.222,0.0204778746,0.7928876464,6.48771359087814
"CES03",2016-01-13,2016,1.18,144,7.6,0.56,96,1.37,116,2.5,0.356,0.00227287282,0.10133979018,6.48771359087814
"CES03",2011-04-21,2011,7.15,31,7.7,7.89,105,1.0125,171,1.8,0.005,0,0.0131503675,6.48771359087814
"CES03",2009-03-24,2009,5,44,7.5,12.4,108,1.078,141,0.8,0.186,0,0.00487848052,6.48771359087814
"CES03",2010-01-26,2010,9,44,7.7,4.88,68,1.002,102,3.5,0.19,0.00038655964,0.02294402724,6.48771359087814
"CES03",2010-06-29,2011,28,55,7.7,0.22,44,1.447,90,4.9,0.104,0.007584398,0.2472024432,6.48771359087814
"CES03",2015-08-11,2016,20.4,125,7.6,0.22,96,1.22,139,2.1,0.153,0.00134072584,0.09315598008,6.48771359087814
"CES03",2014-04-09,2014,4.25,40,7.8,0.25,54,0.939,85,2.3,0.076,0.0025199774,0.08329136952,6.48771359087814
"CES03",2009-02-24,2009,20,57,7.6,3.02,51,1.265,105,5.4,0.043,0,0.03805165874,6.48771359087814
"CES03",2018-10-16,2019,3.17,96,7.4,0.2,72,1.22,100,2.8,0.297,0.0037677332,0.1757745401,6.48771359087814
"CES03",2012-10-23,2013,5.62,207,7.1,0.18,73,1.494,112,2.1,0.206,0.0080247824,0.3993063218,6.48771359087814
"CES03",2010-04-27,2010,3,91,7.5,0.26,89,1.331,130,3.8,0.211,0.0167101414,0.1956285368,6.48771359087814
"CES03",2015-04-14,2015,7.38,38,7.8,0.22,40,0.889,70,2.5,0.035,0.0046729678,0.15338588652,6.48771359087814
"CES03",2007-01-22,2007,10,46,7.8,11.2,72,0.965,107,1.5,0.167,0.0004648502,0.02143938054,6.48771359087814
"CES03",2012-04-17,2012,20.6,33,7.8,14,94,1.0925,167,2.7,0.005,0,0.01193441724,6.48771359087814
"CES03",2014-06-10,2015,15.1,34,7.8,4.69,82,1.03,127,2.6,0.0115,0.00159272358,0.03788039814,6.48771359087814
"CES03",2011-11-01,2012,0.59,174,7.2,0.19,74,1.281,105,2.4,0.276,0.01100961,0.17152238406,6.48771359087814
"CES03",2013-03-12,2013,16.1,66,7.9,0.74,40,1.398,82,1.6,0.237,0.002201922,0.073886716,6.48771359087814
"CES03",2013-10-08,2014,3.76,140,7.2,0.17,48,1.364,81,3,0.222,0.0104468966,0.522711817,6.48771359087814
"CES03",2009-11-24,2010,4,46,7.7,10.1,117,0.888,126,1.6,0.156,0.00053335444,0.00087587564,6.48771359087814
"CES03",2008-11-24,2009,11,108,7.8,5.75,83,1.22,126,2.9,0.319,0.00099575806,0.03741799452,6.48771359087814
"CES03",2017-05-16,2018,25.4,38,8.1,3.75,96,1.12,151,2.7,0.0165,0.00051867496,0.024366958168,6.48771359087814
"CES03",2009-09-29,2010,4,126,7.5,0.34,109,1.272,133,1.6,0.312,0.0039879254,0.18906436266,6.48771359087814
"CES03",2013-01-28,2013,11,70,7.7,4.53,48,1.208,81,3,0.176,0.00026667722,0.05240085044,6.48771359087814
"CES03",2013-07-02,2014,5.53,175,7.3,0.22,178,1.549,221,4.1,0.344,0.0236339628,0.2613926072,6.48771359087814
"CES03",2007-08-27,2008,35,48,7.5,8.13,217,1.238,291,6.3,0.056,0,0.01291060266,6.48771359087814
"CES03",2016-03-08,2016,6.41,99,7.7,0.18,30,1.06,57,3.5,0.115,0.0109851442,0.5162039142,6.48771359087814
"CES03",2009-07-28,2010,10,155,7.1,0.25,139,1.421,177,1.9,0.288,0.0081715772,0.22009678338,6.48771359087814
"CES03",2007-10-29,2008,3,68,7.4,7.76,164,1.145,192,1.4,0.39,0.00011988242,0.00684553084,6.48771359087814
"CES03",2015-09-15,2016,3.11,165,7.1,0.11,82,1.24,134,4.9,0.213,0.0085140984,0.2107484012,6.48771359087814
"CES03",2016-05-10,2017,16.6,48,7.6,0.2,61,1.12,113,5.7,0.151,0.004648502,0.1831020472,6.48771359087814
"CES03",2008-01-28,2008,7,22,8.2,21.2,36,0.782,89,2.8,0.048,0,0.00444543586,6.48771359087814
"CES03",2011-06-02,2012,23,27,7.7,16.9,147,1.1225,245,4.5,0.0115,0,0.00219213568,6.48771359087814
"CES03",2009-06-23,2010,4,159,7.4,0.41,246,1.561,286,1.9,0.301,0.0032294856,0.13790637486,6.48771359087814
"CES03",2010-11-30,2011,7.1,65,7.5,4.13,69,1.205,97,3.8,0.31,0,0.03700696908,6.48771359087814
"CES03",2007-09-24,2008,4,75,7.9,3.53,155,1.091,197,1.8,0.336,0.00128200792,0.01641165864,6.48771359087814
"CES03",2007-12-17,2008,13,39,7.9,11.4,115,1.124,171,2.9,0.265,0,0,6.48771359087814
"CES03",2012-07-17,2013,9.41,59,7.8,2.06,114,1.25,152,1.7,0.221,0.0024710458,0.05553981258,6.48771359087814
"CES03",2012-02-14,2012,3.39,61,7.6,5.92,68,1.182,89,1,0.284,0.0002813567,0.03167587126,6.48771359087814
"CES03",2012-05-08,2013,14.9,30,7.9,14.5,60,1.0525,119,3.7,0.0095,0,0.02084730818,6.48771359087814
"CES03",2010-12-21,2011,2.7,46,7.9,4.18,61,1.031,83,0.8,0.259,0,0.02902622512,6.48771359087814
"CES03",2017-08-08,2018,11.3,114,7.6,0.26,125,1.32,161,1.9,0.224,0.0029603618,0.13043207296,6.48771359087814
"CES03",2017-11-28,2018,2.19,128,7.4,0.15,81,1.52,124,5.1,0.26,0.0153889882,0.5595817776,6.48771359087814
"CES04",2009-11-24,2010,10,42,7.8,13.5,68,0.807,104,2.6,0.048,0.00053335444,0.00087587564,14.8671203517242
"CES04",2012-05-08,2013,18.5,27,7.8,17,48,1.0125,115,6.1,0.0095,0,0.02084730818,14.8671203517242
"CES04",2008-04-28,2008,14,23,7.7,18.7,61,1.312,129,6.2,0.094,0,0.00913063656,14.8671203517242
"CES04",2014-12-09,2015,3.1,69,7.7,2.75,61,1.1,88,2.8,0.264,0.0029603618,0.08690496818,14.8671203517242
"CES04",2013-09-10,2014,3.22,132,7.3,0.18,78,1.399,128,7.5,0.221,0.0186674054,0.7258758202,14.8671203517242
"CES04",2012-07-17,2013,14.5,50,8,4.17,85,1.0425,143,3,0.0165,0.0024710458,0.05553981258,14.8671203517242
"CES04",2010-01-26,2010,23,40,7.7,6.88,62,1.011,118,4.1,0.102,0.00038655964,0.02294402724,14.8671203517242
"CES04",2008-08-26,2009,2,203,6.1,0.13,234,1.238,259,2.6,0.243,0.032050198,0.32588200942,14.8671203517242
"CES04",2013-11-18,2014,7.51,87,7.7,6.77,83,1.234,109,1.7,0.377,0.002691238,0.05530738748,14.8671203517242
"CES04",2015-02-10,2015,2.25,70,7.8,0.7,53,1.24,110,5.6,0.266,0.0027401696,0.10097769634,14.8671203517242
"CES04",2010-07-28,2011,20,51,7.5,0.19,47,1.209,97,4.1,0.109,0.0038166648,0.372124818,14.8671203517242
"CES04",2013-12-10,2014,9,59,7.9,6.14,56,1.036,85,1.4,0.199,0.0035720068,0.05294888436,14.8671203517242
"CES04",2012-09-19,2013,3.51,189,7.4,0.22,102,1.446,135,1.9,0.282,0.0093214698,0.3107890574,14.8671203517242
"CES04",2006-10-24,2007,2,82,7.7,5.61,94,0.967,126,2.6,0.203,0,0.019694969,14.8671203517242
"CES04",2004-07-12,2005,13.5,114,7.96,8,122,1.61,235,3.65,0.009,0.0017370718,0.03231687522,14.8671203517242
"CES04",2018-06-26,2019,2.25,179,7.5,0.2,166,1.45,210,5.1,0.279,0.0076822612,0.3855565422,14.8671203517242
"CES04",2012-10-23,2013,5.16,194,7.5,0.2,66,1.443,98,3.3,0.185,0.0080247824,0.3993063218,14.8671203517242
"CES04",2010-04-27,2010,3,85,7.6,0.27,92,1.329,131,4.6,0.232,0.0167101414,0.1956285368,14.8671203517242
"CES04",2014-01-07,2014,3.57,51,7.9,5.35,63,1.176,119,7.1,0.254,0.00187408028,0.04967046716,14.8671203517242
"CES04",2014-02-11,2014,28.5,42,7.8,2.61,39,1.249,108,3.5,0.096,0.003302883,0.07145481548,14.8671203517242
"CES04",2011-07-20,2012,20.6,68,7.8,1.67,142,1.195,202,3.4,0.01,0.00366987,0.0650545622,14.8671203517242
"CES04",2010-05-25,2011,6,78,7.6,0.24,68,1.342,113,5,0.166,0.008440701,0.3804676558,14.8671203517242
"CES04",2019-01-22,2019,4.82,37,7.8,4.33,69,1.02,105,3.3,0.126,0.00192545846,0.060163359464,14.8671203517242
"CES04",2018-08-21,2019,2.61,186,7.3,0.18,103,1.38,137,2.4,0.321,0.0075110006,0.2291711486,14.8671203517242
"CES04",2014-08-12,2015,3.72,136,7.4,0.23,107,1.3,142,1.4,0.309,0.0040123912,0.15348130314,14.8671203517242
"CES04",2011-09-13,2012,1.37,190,7.3,0.2,107,1.282,139,2.6,0.266,0.0055292708,0.173951838,14.8671203517242
"CES04",2012-12-18,2013,8.26,82,7.9,4.44,48,1.192,79,2.1,0.187,0.00022997852,0.05267976056,14.8671203517242
"CES04",2014-04-09,2014,5.62,42,7.9,1.04,75,1.231,175,13.2,0.105,0.0025199774,0.08329136952,14.8671203517242
"CES04",2011-10-18,2012,1.34,134,7,1.47,93,1.103,113,1.2,0.313,0.0074865348,0.06601851472,14.8671203517242
"CES04",2015-08-11,2016,5.37,107,7.7,0.24,108,1.09,128,2,0.241,0.00134072584,0.09315598008,14.8671203517242
"CES04",2009-09-29,2010,9,126,7.5,0.54,107,1.231,134,1.7,0.264,0.0039879254,0.18906436266,14.8671203517242
"CES04",2010-08-31,2011,2,132,7.4,0.22,96,1.302,123,2.6,0.307,0.0073642058,0.18589359498,14.8671203517242
"CES04",2009-03-24,2009,10,38,7.8,16.1,64,1.014,118,1.6,0.035,0,0.00487848052,14.8671203517242
"CES04",2011-12-20,2012,2.81,55,7.7,11,47,0.784,72,2.5,0.146,0.00032784172,0.0163186886,14.8671203517242
"CES04",2017-09-20,2018,7.8,232,7,0.12,231,1.47,320,2.2,0.188,0.0229244546,0.58184076244,14.8671203517242
"CES04",2014-07-08,2015,8.46,50,7.3,3.66,145,0.93,183,2.1,0.087,0.0027157038,0.0649444661,14.8671203517242
"CES04",2010-09-29,2011,4,126,7.8,1.06,66,1.2,93,1.9,0.238,0.0047463652,0.10597116612,14.8671203517242
"CES04",2012-01-10,2012,7.56,65,7.9,12.3,51,1.115,89,2.4,0.26,0.00017615376,0.03385822062,14.8671203517242
"CES04",2007-04-23,2007,8,23,7.2,25.1,72,0.803,119,1.9,0.038,0,0,14.8671203517242
"CES04",2015-01-21,2015,3.9,74,7.7,4.95,73,1.22,96,3.5,0.308,0.00211873828,0.09881002646,14.8671203517242
"CES04",2007-05-22,2008,10,32,7.8,24,98,1.082,154,6.7,0.0045,0,0,14.8671203517242
"CES04",2010-11-30,2011,4.3,57,7.5,11.7,66,0.826,90,2.4,0.251,0,0.03700696908,14.8671203517242
"CES04",2009-07-28,2010,2,168,7.2,0.27,141,1.306,166,2.7,0.253,0.0081715772,0.22009678338,14.8671203517242
"CES04",2008-07-28,2009,10,147,7.5,0.39,199,1.504,242,3.5,0.403,0.003914528,0.10917129276,14.8671203517242
"CES04",2017-11-28,2018,2.37,132,7.2,0.15,78,1.78,143,8.8,0.243,0.0153889882,0.5595817776,14.8671203517242
"CES04",2010-12-21,2011,5.15,46,8,7.06,52,0.949,79,1.1,0.16,0,0.02902622512,14.8671203517242
"CES04",2014-09-09,2015,2.57,122,7.5,0.3,124,1.42,158,1.5,0.389,0.006728095,0.14560576212,14.8671203517242
"CES04",2007-11-26,2008,25,37,7.6,15,92,0.946,145,4.2,0.021,0,0.00065079028,14.8671203517242
"CES04",2007-12-17,2008,7,32,8.2,17,97,1.044,159,5.4,0.157,0,0,14.8671203517242
"CES04",2016-07-13,2017,6.6,172,7.5,0.18,92,1.27,130,3,0.298,0.0074865348,0.4385005334,14.8671203517242
"CES04",2008-01-28,2008,7,22,8.2,26.2,35,0.776,83,3.2,0.056,0,0.00444543586,14.8671203517242
"CES04",2011-01-12,2011,10.9,36,7.8,8.72,50,1.082,121,8.4,0.139,0,0.01136681068,14.8671203517242
"CES04",2013-08-13,2014,3.77,180,7.1,0.17,57,1.408,101,4.6,0.229,0.0239275524,0.7860372224,14.8671203517242
"CES04",2008-03-24,2008,12,26,7.2,18.4,56,0.917,110,3.6,0.074,0,0.00313406898,14.8671203517242
"CES04",2014-11-12,2015,5.34,116,7.8,2.07,82,1.37,105,1.2,0.316,0.0006483437,0.07276862894,14.8671203517242
"CES04",2016-09-13,2017,3.39,162,7.8,0.19,76,1.18,98,2,0.25,0.0054314076,0.2263575816,14.8671203517242
"CES04",2011-02-09,2011,15.35,34,7.9,5.64,44,1.138,139,8.3,0.04,0.00023976484,0.01838115554,14.8671203517242
"CES04",2012-06-19,2013,12.1,34,7.9,9.99,98,0.9725,145,3.8,0.0115,0.00089544828,0.04372283118,14.8671203517242
"CES04",2008-06-18,2009,32,25,8,23,113,1.394,229,8.8,0.055,0.00014434822,0.0030092934,14.8671203517242
"CES04",2016-11-08,2017,1.59,98,8,1.08,55,1.1,78,2.1,0.287,0.0037188016,0.2570376948,14.8671203517242
"CES04",2009-06-23,2010,4,132,7.5,1.05,261,1.624,310,4,0.336,0.0032294856,0.13790637486,14.8671203517242
"CES04",2013-10-08,2014,3.63,144,7.3,0.16,50,1.474,105,7.3,0.218,0.0104468966,0.522711817,14.8671203517242
"CES04",2010-06-29,2011,28,58,7.7,0.22,46,1.357,96,2.7,0.042,0.007584398,0.2472024432,14.8671203517242
"CES04",2006-09-26,2007,0.5,158,7.3,0.18,118,1.154,151,1.1,0.267,0.00193769136,0.50615336356,14.8671203517242
"CES04",2011-04-21,2011,23.6,30,7.8,11.9,66,1.1725,156,4.2,0.0085,0,0.0131503675,14.8671203517242
"CES04",2011-05-18,2012,7.89,30,8.3,17.2,64,0.8425,122,4.8,0.0115,0,0.00219213568,14.8671203517242
"CES04",2013-01-28,2013,30.4,63,8,8.8,32,1.225,105,3.6,0.023,0.00026667722,0.05240085044,14.8671203517242
"CES04",2012-03-14,2012,11.6,40,7.9,9.96,41,0.996,91,2.4,0.033,0.00012477558,0.03542158524,14.8671203517242
"CES04",2018-10-16,2019,2.15,107,7.6,1.3,86,1.21,106,1.8,0.308,0.0037677332,0.1757745401,14.8671203517242
"CES04",2008-09-29,2009,5,166,7.4,0.21,150,1.751,195,3.1,0.231,0.0084896326,0.36413184114,14.8671203517242
"CES04",2015-03-10,2015,2.37,47,7.9,0.36,40,1.04,74,3.4,0.124,0.0050888864,0.12747660432,14.8671203517242
"CES04",2018-01-23,2018,4.92,74,7.9,5.03,72,1.22,111,4,0.362,0.00103490334,0.078208844228,14.8671203517242
"CES04",2015-04-14,2015,5.65,40,7.9,0.22,52,0.954,90,4.4,0.086,0.0046729678,0.15338588652,14.8671203517242
"CES04",2011-06-02,2012,23.4,28,7.9,18.2,106,1.2725,243,8.9,0.005,0,0.00219213568,14.8671203517242
"CES04",2013-03-12,2013,27.3,61,8,2.98,32,1.323,115,5.3,0.02,0.002201922,0.073886716,14.8671203517242
"CES04",2014-06-10,2015,10.8,32,7.5,11,99,0.96,153,4.1,0.0125,0.00159272358,0.03788039814,14.8671203517242
"CES04",2008-10-27,2009,5,112,7.9,2.32,105,1.299,139,2.1,0.375,0.002691238,0.1601775926,14.8671203517242
"CES04",2008-05-19,2009,16,26,7.8,21.8,83,1.034,163,6.4,0.022,0,0,14.8671203517242
"CES04",2006-12-19,2007,4,43,7.4,13.2,88,1.062,118,2.2,0.319,0.00140189034,0.00986461056,14.8671203517242
"CES04",2005-08-22,2006,3.03,117.5,7.025,0.2,99,1.4,135,6,0.2005,0.0192790504,0.6560748928,14.8671203517242
"CES04",2011-08-03,2012,3.68,67,7.5,2.61,165,1.107,203,3.3,0.161,0.0026178406,0.0693116114,14.8671203517242
"CES04",2013-04-02,2013,18.3,56,7.8,2.04,37,1.3125,109,5.6,0.0115,0.00184472132,0.05008638576,14.8671203517242
"CES04",2016-01-13,2016,1.59,115,7.7,2.2,83,1.23,105,3,0.315,0.00227287282,0.10133979018,14.8671203517242
"CES04",2008-12-29,2009,6,58,7.9,9.13,65,1.157,96,2.4,0.171,0.00149730696,0.03783146654,14.8671203517242
"CES04",2017-05-16,2018,12.1,40,8.2,8.67,66,0.992,116,3.3,0.0145,0.00051867496,0.024366958168,14.8671203517242
"CES04",2013-07-02,2014,1.6,144,7.3,0.24,138,1.399,176,3.2,0.307,0.0236339628,0.2613926072,14.8671203517242
"CES04",2015-07-21,2016,6.16,66,7.6,0.33,137,0.972,158,1.7,0.173,0.0032050198,0.06296518288,14.8671203517242
"CES04",2007-08-27,2008,13,44,7.5,10.9,193,0.999,245,4,0.049,0,0.01291060266,14.8671203517242
"CES04",2009-01-27,2009,49,58,7.9,9.29,70,1.668,180,5.9,0.12,0.00030092934,0.04469657002,14.8671203517242
"CES04",2016-03-08,2016,5.5,97,7.9,0.18,27,1.08,59,4.1,0.105,0.0109851442,0.5162039142,14.8671203517242
"CES04",2007-10-29,2008,20,61,7.6,8.99,132,1.264,200,7.3,0.255,0.00011988242,0.00684553084,14.8671203517242
"CES04",2009-02-24,2009,13,54,7.5,5.05,54,1.257,118,7.3,0.0095,0,0.03805165874,14.8671203517242
"CES04",2018-05-15,2019,3.78,45,7.4,5.61,128,1.23,168,3,0.248,0.0078535218,0.065561982892,14.8671203517242
"CES04",2015-09-15,2016,4.3,162,7.2,0.19,88,1.2,135,3.3,0.208,0.0085140984,0.2107484012,14.8671203517242
"CES04",2007-01-22,2007,12.5,42,7.7,12.8,83,1.2315,184,14.2,0.1185,0.0004648502,0.02143938054,14.8671203517242
"CES04",2013-02-25,2013,30.9,68,8.2,2.69,31,1.2925,116,6.1,0.0145,0.00023976484,0.06711458256,14.8671203517242
"CES04",2011-11-01,2012,0.597,151,7.3,0.21,67,1.194,108,3,0.24,0.01100961,0.17152238406,14.8671203517242
"CES04",2008-11-24,2009,34,89,8.1,9.53,50,1.106,112,4.5,0.072,0.00099575806,0.03741799452,14.8671203517242
"CES04",2009-08-25,2010,2,146,7.5,0.23,100,1.347,125,1.9,0.239,0.0032539514,0.233893048,14.8671203517242
"CES04",2009-04-28,2009,6,35,7.3,14.7,93,0.8925,142,1.7,0.0125,0,0.02180636754,14.8671203517242
"CES04",2010-10-27,2011,5,66,7.7,7.59,74,0.891,108,2.6,0.194,0,0.02760231556,14.8671203517242
"CES04",2017-08-08,2018,3.11,108,7.7,0.26,118,1.22,142,1.9,0.248,0.0029603618,0.13043207296,14.8671203517242
"CES04",2014-03-05,2014,10.1,48,7.4,1.69,59,1.146,96,4,0.134,0.00222394122,0.0815445114,14.8671203517242
"CES04",2014-10-14,2015,1.82,158,7.8,0.64,113,1.29,136,1.7,0.302,0.00102022386,0.19298133724,14.8671203517242
"CES04",2016-05-10,2017,15,52,7.9,0.21,65,1.09,116,5.1,0.137,0.004648502,0.1831020472,14.8671203517242
"CES04",2007-09-24,2008,4,61,7.9,5.86,188,1.161,246,6,0.252,0.00128200792,0.01641165864,14.8671203517242
"CES04",2017-10-18,2018,2.69,188,7.2,0.15,73,1.43,125,6.8,0.23,0.0204778746,0.7928876464,14.8671203517242
"CES04",2007-06-18,2008,19,29,7.8,21.8,106,1.044,176,2.9,0.0265,0.0033518146,0.01175826348,14.8671203517242
"CES04",2012-02-14,2012,4.19,49,7.9,11.6,40,0.955,82,2.4,0.042,0.0002813567,0.03167587126,14.8671203517242
"CES04",2011-03-23,2011,4.8,26,7.8,13.5,43,0.7625,79,2.4,0.0165,0,0.01523974682,14.8671203517242
"CES04",2013-05-21,2014,6.49,44,7.9,4.52,67,1.039,110,2.9,0.019,0.0025933748,0.08075181948,14.8671203517242
"CES04",2019-04-23,2019,4.42,36,7.8,1.17,95,1.08,133,2.6,0.136,0.00176643076,0.06802226374,14.8671203517242
"CES04",2015-10-13,2016,3.63,134,7.7,0.22,78,1.05,99,1.2,0.29,0.00060675184,0.16581940608,14.8671203517242
"CES04",2012-08-01,2013,9.15,103,7.7,0.46,130,1.378,184,5.8,0.151,0.00097618542,0.0721863429,14.8671203517242
"CES04",2012-04-17,2012,5.14,24,7.8,19.1,52,0.8425,114,3.7,0.005,0,0.01193441724,14.8671203517242
"CES05",2010-09-29,2011,8,87,8.3,5.43,29,0.8425,63,2.4,0.0105,0.0047463652,0.10597116612,21.9448169624521
"CES05",2014-11-12,2015,11.8,85,8.2,6.89,35,0.969,69,1.9,0.0165,0.0006483437,0.07276862894,21.9448169624521
"CES05",2011-09-13,2012,7.75,189,7.6,0.22,115,1.249,149,2.1,0.251,0.0055292708,0.173951838,21.9448169624521
"CES05",2009-11-24,2010,9,32,8,18,61,0.6225,87,1.4,0.0095,0.00053335444,0.00087587564,21.9448169624521
"CES05",2012-01-10,2012,7.16,45,8.1,16.3,31,0.771,67,2.4,0.044,0.00017615376,0.03385822062,21.9448169624521
"CES05",2017-08-08,2018,7.51,106,7.9,0.27,134,1.19,173,2.9,0.225,0.0029603618,0.13043207296,21.9448169624521
"CES05",2012-10-23,2013,4.23,198,7.9,0.24,71,1.457,99,3.3,0.219,0.0080247824,0.3993063218,21.9448169624521
"CES05",2016-07-13,2017,6.23,162,7.7,0.18,92,1.25,130,3.2,0.316,0.0074865348,0.4385005334,21.9448169624521
"CES05",2010-11-30,2011,5.5,46,7.7,12.6,54,0.859,85,1.1,0.153,0,0.03700696908,21.9448169624521
"CES05",2017-10-18,2018,3.6,196,7.3,0.15,83,1.49,152,9.8,0.248,0.0204778746,0.7928876464,21.9448169624521
"CES05",2015-01-21,2015,3.04,65,8,7.83,69,1.14,98,2.9,0.284,0.00211873828,0.09881002646,21.9448169624521
"CES05",2019-04-23,2019,11.1,36,8.1,5.34,79,0.98,126,1.8,0.024,0.00176643076,0.06802226374,21.9448169624521
"CES05",2010-04-27,2010,4,78,7.7,0.38,100,1.331,150,6.2,0.234,0.0167101414,0.1956285368,21.9448169624521
"CES05",2012-07-17,2013,4.83,37,8.1,7.33,85,0.8825,133,2.8,0.0165,0.0024710458,0.05553981258,21.9448169624521
"CES05",2015-07-21,2016,10.6,39,8.1,3.03,104,0.766,145,2.8,0.015,0.0032050198,0.06296518288,21.9448169624521
"CES05",2016-03-08,2016,11,95,8,0.19,28,1.09,65,4.9,0.072,0.0109851442,0.5162039142,21.9448169624521
"CES05",2011-08-03,2012,11.3,43,7.7,7.18,93,0.9025,151,4.3,0.0105,0.0026178406,0.0693116114,21.9448169624521
"CES05",2015-10-13,2016,2.83,131,7.8,1.8,95,1.15,118,1.4,0.329,0.00060675184,0.16581940608,21.9448169624521
"CES05",2015-09-15,2016,8.17,146,7.6,0.2,76,1.09,107,3.1,0.224,0.0085140984,0.2107484012,21.9448169624521
"CES05",2015-03-10,2015,8.39,45,8,2.95,40,0.962,82,4.1,0.056,0.0050888864,0.12747660432,21.9448169624521
"CES05",2013-07-02,2014,5.18,104,7.7,0.24,126,1.287,159,3.3,0.283,0.0236339628,0.2613926072,21.9448169624521
"CES05",2018-05-15,2019,8.76,33,7.8,14.3,89,0.828,130,1.9,0.0125,0.0078535218,0.065561982892,21.9448169624521
"CES05",2011-04-21,2011,4.3,23,7.9,17.6,47,0.7225,81,2,0.0075,0,0.0131503675,21.9448169624521
"CES05",2018-01-23,2018,38.3,63,8.4,8.94,26,0.927,82,2.7,0.024,0.00103490334,0.078208844228,21.9448169624521
"CES05",2016-11-08,2017,3.67,84,8,4.76,59,1.07,81,2.3,0.276,0.0037188016,0.2570376948,21.9448169624521
"CES05",2014-06-10,2015,4.49,20,8,15.8,64,0.76,99,1.6,0.0095,0.00159272358,0.03788039814,21.9448169624521
"CES05",2011-07-20,2012,6.78,51,8,5.4,121,0.9625,180,4.2,0.0075,0.00366987,0.0650545622,21.9448169624521
"CES05",2015-04-14,2015,4.35,39,8,0.94,71,0.904,106,3.3,0.027,0.0046729678,0.15338588652,21.9448169624521
"CES05",2013-09-10,2014,4.39,133,7.4,0.18,75,1.353,118,7.1,0.229,0.0186674054,0.7258758202,21.9448169624521
"CES05",2014-12-09,2015,3.62,65,7.8,6.55,65,1.01,96,2.2,0.219,0.0029603618,0.08690496818,21.9448169624521
"CES05",2012-11-05,2013,7.2,180,7.7,0.96,74,1.471,105,2.6,0.301,0.0047463652,0.3274991988,21.9448169624521
"CES05",2018-06-26,2019,5.13,173,7.7,0.21,186,1.57,225,5.8,0.367,0.0076822612,0.3855565422,21.9448169624521
"CES05",2016-01-13,2016,1.75,91,7.9,4.73,79,1.14,96,2.5,0.287,0.00227287282,0.10133979018,21.9448169624521
"CES05",2013-10-08,2014,3.58,152,7.5,0.16,57,1.329,92,4.2,0.214,0.0104468966,0.522711817,21.9448169624521
"CES05",2012-12-18,2013,12,73,7.9,9.94,42,1.026,80,2,0.12,0.00022997852,0.05267976056,21.9448169624521
"CES05",2017-11-28,2018,2.63,135,7.6,0.15,77,1.35,122,6.4,0.256,0.0153889882,0.5595817776,21.9448169624521
"CES05",2010-10-27,2011,8,52,7.9,11.7,61,0.754,86,1.8,0.091,0,0.02760231556,21.9448169624521
"CES05",2010-06-29,2011,20,60,8,0.28,54,1.1525,100,3.3,0.0145,0.007584398,0.2472024432,21.9448169624521
"CES05",2014-09-09,2015,2.89,129,7.7,1.87,140,1.32,171,1.4,0.364,0.006728095,0.14560576212,21.9448169624521
"CES05",2017-09-20,2018,12.2,211,7.1,0.13,216,1.34,277,2,0.2,0.0229244546,0.58184076244,21.9448169624521
"CES05",2010-05-25,2011,11,58,8.1,0.25,54,1.194,95,4.2,0.06,0.008440701,0.3804676558,21.9448169624521
"CES05",2010-12-21,2011,6.25,37,8.2,12.8,30,0.6425,60,1,0.0125,0,0.02902622512,21.9448169624521
"CES05",2012-09-19,2013,6.69,182,7.6,0.22,99,1.378,125,5.5,0.274,0.0093214698,0.3107890574,21.9448169624521
"CES05",2013-11-18,2014,8.08,74,7.8,11.6,65,1.08,93,2.9,0.251,0.002691238,0.05530738748,21.9448169624521
"CES05",2011-06-02,2012,13.4,19,8.1,22.8,72,0.9925,182,7,0.005,0,0.00219213568,21.9448169624521
"CES05",2011-12-20,2012,1.95,44,7.8,14.8,41,0.686,62,1.4,0.089,0.00032784172,0.0163186886,21.9448169624521
"CES05",2014-02-11,2014,7.15,34,7.9,8.53,28,0.8925,65,1.8,0.0175,0.003302883,0.07145481548,21.9448169624521
"CES05",2018-08-21,2019,1.79,206,7.6,0.18,107,1.35,141,2.8,0.288,0.0075110006,0.2291711486,21.9448169624521
"CES05",2019-01-22,2019,4.6,32,8.1,8.79,64,0.844,104,2.7,0.034,0.00192545846,0.060163359464,21.9448169624521
"CES05",2014-08-12,2015,6.07,112,7.8,0.28,126,1.38,172,2.9,0.339,0.0040123912,0.15348130314,21.9448169624521
"CES05",2013-05-21,2014,5.34,33,8,8.4,59,0.9225,97,2.1,0.0105,0.0025933748,0.08075181948,21.9448169624521
"CES05",2010-08-31,2011,7,92,7.8,0.23,105,1.258,150,5,0.279,0.0073642058,0.18589359498,21.9448169624521
"CES05",2010-01-26,2010,8,33,7.8,11,44,0.6725,79,4.1,0.0155,0.00038655964,0.02294402724,21.9448169624521
"CES05",2010-07-28,2011,31,63,8.3,0.32,26,1.2725,79,7.1,0.0175,0.0038166648,0.372124818,21.9448169624521
"CES05",2013-01-28,2013,4.67,48,8,12.5,27,0.7925,56,1.6,0.0095,0.00026667722,0.05240085044,21.9448169624521
"CES05",2012-08-01,2013,11.1,56,8,3.69,93,1.0825,162,5,0.0145,0.00097618542,0.0721863429,21.9448169624521
"CES05",2014-07-08,2015,3.92,34,7.8,7.65,113,0.8,149,1.9,0.0115,0.0027157038,0.0649444661,21.9448169624521
"CES05",2014-01-07,2014,5.36,44,8,9.53,58,0.986,113,5.4,0.158,0.00187408028,0.04967046716,21.9448169624521
"CES05",2011-05-18,2012,7.37,17,8.1,22.6,56,0.7725,116,3.4,0.0095,0,0.00219213568,21.9448169624521
"CES05",2015-08-11,2016,7.97,82,7.8,2.14,120,1.01,154,2.5,0.199,0.00134072584,0.09315598008,21.9448169624521
"CES05",2016-05-10,2017,4.47,46,8.2,1.11,51,0.916,91,3.1,0.0175,0.004648502,0.1831020472,21.9448169624521
"CES05",2012-05-08,2013,4.77,16,7.9,20.3,36,0.8025,76,3.4,0.005,0,0.02084730818,21.9448169624521
"CES05",2011-02-09,2011,7,30,8,11.6,30,0.8525,84,4.3,0.0095,0.00023976484,0.01838115554,21.9448169624521
"CES05",2017-05-16,2018,3.71,25,7.9,16.4,62,0.808,98,2.2,0.0285,0.00051867496,0.024366958168,21.9448169624521
"CES05",2014-03-05,2014,5.48,38,7.7,6.77,40,0.8725,78,3.7,0.005,0.00222394122,0.0815445114,21.9448169624521
"CES05",2012-06-19,2013,4.08,23,7.9,14.8,80,0.8725,119,2.7,0.0105,0.00089544828,0.04372283118,21.9448169624521
"CES05",2015-02-10,2015,5.39,54,8,5.02,54,1.07,91,3.7,0.242,0.0027401696,0.10097769634,21.9448169624521
"CES05",2012-04-17,2012,3.24,18,7.7,23.5,39,0.7325,78,2,0.005,0,0.01193441724,21.9448169624521
"CES05",2014-10-14,2015,2.84,128,7.9,2.73,104,1.2,129,0.8,0.287,0.00102022386,0.19298133724,21.9448169624521
"CES05",2018-10-16,2019,7.75,96,7.8,4.88,89,1.15,123,1.4,0.261,0.0037677332,0.1757745401,21.9448169624521
"CES05",2011-10-18,2012,4.06,94,7.8,6.54,91,1.039,122,4.2,0.273,0.0074865348,0.06601851472,21.9448169624521
"CES05",2012-02-14,2012,10.9,34,8,17.1,18,0.6625,50,1.6,0.0165,0.0002813567,0.03167587126,21.9448169624521
"CES05",2013-03-12,2013,6.78,46,7.9,9.1,33,1.0025,97,3.6,0.0135,0.002201922,0.073886716,21.9448169624521
"CES05",2011-11-01,2012,1.33,142,7.7,0.21,79,1.041,113,4,0.222,0.01100961,0.17152238406,21.9448169624521
"CES05",2012-03-14,2012,8.51,32,8,14.5,18,0.8225,66,1.8,0.0075,0.00012477558,0.03542158524,21.9448169624521
"CES05",2014-04-09,2014,3.83,37,8,5.34,59,1.106,151,10.8,0.07,0.0025199774,0.08329136952,21.9448169624521
"CES05",2013-04-02,2013,9.57,44,7.9,8,32,1.0425,93,2.6,0.0105,0.00184472132,0.05008638576,21.9448169624521
"CES05",2013-12-10,2014,8.11,48,8.2,11.5,27,0.7825,63,1.5,0.0205,0.0035720068,0.05294888436,21.9448169624521
"CES05",2016-09-13,2017,4.4,162,8,0.17,82,1.08,109,3,0.245,0.0054314076,0.2263575816,21.9448169624521
"CES05",2013-02-25,2013,14.6,53,8.1,8.08,25,1.0225,93,4,0.0125,0.00023976484,0.06711458256,21.9448169624521
"CES05",2013-08-13,2014,3.37,175,7.3,0.18,67,1.365,102,4.4,0.244,0.0239275524,0.7860372224,21.9448169624521
"CES06",2009-01-27,2009,5,38,8,15.1,37,0.8825,71,2.5,0.0105,0.00030092934,0.04469657002,26.7623460786384
"CES06",2014-09-09,2015,2.56,96,7.7,5.91,132,1.22,163,1.4,0.373,0.006728095,0.14560576212,26.7623460786384
"CES06",2008-10-27,2009,4,73,7.8,11,88,0.999,116,1.2,0.25,0.002691238,0.1601775926,26.7623460786384
"CES06",2015-02-10,2015,4.26,47,8,7.71,49,0.975,82,2.7,0.199,0.0027401696,0.10097769634,26.7623460786384
"CES06",2004-07-12,2005,102,159,9.145,17.5,4,1.705,148.5,13.35,0.009,0.0017370718,0.03231687522,26.7623460786384
"CES06",2014-10-14,2015,3.07,92,7.9,7.82,86,1.08,113,1.2,0.262,0.00102022386,0.19298133724,26.7623460786384
"CES06",2015-08-11,2016,13,51,7.9,6.84,75,0.836,118,2.7,0.018,0.00134072584,0.09315598008,26.7623460786384
"CES06",2011-05-18,2012,3.1,12,8,26.4,49,0.5625,86,2.3,0.0095,0,0.00219213568,26.7623460786384
"CES06",2015-04-14,2015,4.14,32,7.9,5.64,63,0.824,94,2.2,0.014,0.0046729678,0.15338588652,26.7623460786384
"CES06",2011-07-20,2012,7.78,37,8.1,9.1,88,0.8125,148,4.5,0.0095,0.00366987,0.0650545622,26.7623460786384
"CES06",2009-06-23,2010,8,37,7.5,11.7,114,1.0225,175,5.5,0.0095,0.0032294856,0.13790637486,26.7623460786384
"CES06",2010-12-21,2011,3.7,32,8.2,14.8,26,0.655,55,0.9,0.022,0,0.02902622512,26.7623460786384
"CES06",2012-11-05,2013,2.67,173,7.9,2.12,77,1.397,103,1.2,0.304,0.0047463652,0.3274991988,26.7623460786384
"CES06",2014-03-05,2014,2.79,31,7.8,9.82,34,0.7725,66,2.4,0.005,0.00222394122,0.0815445114,26.7623460786384
"CES06",2008-06-18,2009,26,18,8,25.7,40,1.058,149,8.9,0.068,0.00014434822,0.0030092934,26.7623460786384
"CES06",2013-08-13,2014,3.32,170,7.4,0.18,70,1.366,104,2.7,0.235,0.0239275524,0.7860372224,26.7623460786384
"CES06",2014-11-12,2015,2.54,68,8.1,9.22,35,0.835,59,1.3,0.0195,0.0006483437,0.07276862894,26.7623460786384
"CES06",2011-11-01,2012,1.66,123,7.8,1.35,76,1.034,108,4.9,0.241,0.01100961,0.17152238406,26.7623460786384
"CES06",2010-04-27,2010,25,83,7.81,0.98,104,1.559,197,13,0.236,0.0167101414,0.1956285368,26.7623460786384
"CES06",2013-05-21,2014,3.5,24,8,13.2,50,0.8225,85,3.1,0.0125,0.0025933748,0.08075181948,26.7623460786384
"CES06",2011-02-09,2011,8.6,26,8,15.2,25,0.7725,83,5.1,0.0105,0.00023976484,0.01838115554,26.7623460786384
"CES06",2009-11-24,2010,5,29,8,19.5,57,0.612,80,1.2,0.021,0.00053335444,0.00087587564,26.7623460786384
"CES06",2015-07-21,2016,3.46,26,8.1,8.01,74,0.701,106,1.8,0.019,0.0032050198,0.06296518288,26.7623460786384
"CES06",2010-10-27,2011,4,43,8,14.8,51,0.673,67,0.8,0.056,0,0.02760231556,26.7623460786384
"CES06",2015-01-21,2015,5.18,55,8,10.2,57,1.06,91,2,0.207,0.00211873828,0.09881002646,26.7623460786384
"CES06",2011-04-21,2011,2.7,17,8,21.7,43,0.5925,71,1.1,0.005,0,0.0131503675,26.7623460786384
"CES06",2011-09-13,2012,10.7,181,7.7,0.38,146,1.414,202,5.1,0.329,0.0055292708,0.173951838,26.7623460786384
"CES06",2012-01-10,2012,5.44,39,8.1,15.4,26,0.6825,60,2.4,0.0125,0.00017615376,0.03385822062,26.7623460786384
"CES06",2012-06-19,2013,3.4,14,7.9,19.6,61,0.7525,95,2.5,0.0115,0.00089544828,0.04372283118,26.7623460786384
"CES06",2011-10-18,2012,3.21,82,7.8,8.48,88,0.935,113,2.2,0.274,0.0074865348,0.06601851472,26.7623460786384
"CES06",2008-09-29,2009,2,185,7.7,0.73,181,1.705,234,4.8,0.382,0.0084896326,0.36413184114,26.7623460786384
"CES06",2013-04-02,2013,2.44,35,8,12,31,0.8325,59,3.9,0.0105,0.00184472132,0.05008638576,26.7623460786384
"CES06",2019-04-23,2019,4.05,31,8,8.7,75,0.824,102,0.7,0.0125,0.00176643076,0.06802226374,26.7623460786384
"CES06",2006-10-24,2007,2,54,7.9,13.2,66,0.703,98,3.4,0.0175,0,0.019694969,26.7623460786384
"CES06",2014-01-07,2014,4.98,34,8,15.3,49,0.823,108,4.5,0.102,0.00187408028,0.04967046716,26.7623460786384
"CES06",2014-06-10,2015,3.08,14,8,19.1,46,0.67,81,2.4,0.0145,0.00159272358,0.03788039814,26.7623460786384
"CES06",2010-09-29,2011,10,70,8.3,8.46,30,0.786,67,3.1,0.013,0.0047463652,0.10597116612,26.7623460786384
"CES06",2012-10-23,2013,2.96,186,7.8,1.68,85,1.497,114,2.6,0.293,0.0080247824,0.3993063218,26.7623460786384
"CES06",2006-12-19,2007,9,26,7.9,21.6,41,0.633,88,2.6,0.0075,0.00140189034,0.00986461056,26.7623460786384
"CES06",2007-05-22,2008,2,15,7.9,28.8,60,0.622,88,0.8,0.0045,0,0,26.7623460786384
"CES06",2013-10-08,2014,4.39,146,7.6,0.17,59,1.293,97,4.3,0.193,0.0104468966,0.522711817,26.7623460786384
"CES06",2012-12-18,2013,10.5,64,7.9,12.7,32,0.915,62,1.8,0.061,0.00022997852,0.05267976056,26.7623460786384
"CES06",2010-06-29,2011,11,53,8.1,1.73,61,1.012,100,3.4,0.026,0.007584398,0.2472024432,26.7623460786384
"CES06",2008-05-19,2009,5,10,7.8,32.5,33,0.547,69,2.7,0.027,0,0,26.7623460786384
"CES06",2007-01-22,2007,4,24,7.8,22.8,45,0.697,86,5.1,0.026,0.0004648502,0.02143938054,26.7623460786384
"CES06",2010-01-26,2010,3,27,7.81,15.04,38,0.6725,67,2.5,0.0175,0.00038655964,0.02294402724,26.7623460786384
"CES06",2015-10-13,2016,1.93,117,7.8,3.57,94,1.12,117,2.1,0.337,0.00060675184,0.16581940608,26.7623460786384
"CES06",2008-03-24,2008,6,14,7.7,27.2,26,0.585,62,2,0.0175,0,0.00313406898,26.7623460786384
"CES06",2017-09-20,2018,13.7,201,7.2,0.1,225,1.27,271,2,0.205,0.0229244546,0.58184076244,26.7623460786384
"CES06",2007-04-23,2007,4,15,7.3,29.4,53,0.671,91,2.2,0.056,0,0,26.7623460786384
"CES06",2011-08-03,2012,6.81,34,7.8,9.8,72,0.7625,116,2.8,0.005,0.0026178406,0.0693116114,26.7623460786384
"CES06",2014-02-11,2014,7.5,32,8,9.81,25,0.9925,66,2,0.0145,0.003302883,0.07145481548,26.7623460786384
"CES06",2017-05-16,2018,1.97,16,7.9,21.1,49,0.618,74,1.9,0.0165,0.00051867496,0.024366958168,26.7623460786384
"CES06",2017-10-18,2018,3.42,189,7.3,0.16,88,1.49,151,8,0.286,0.0204778746,0.7928876464,26.7623460786384
"CES06",2016-01-13,2016,2.99,65,7.9,8.21,68,1.04,86,1.8,0.249,0.00227287282,0.10133979018,26.7623460786384
"CES06",2009-07-28,2010,17,136,7.6,5.69,147,1.331,199,4.7,0.278,0.0081715772,0.22009678338,26.7623460786384
"CES06",2014-08-12,2015,26.8,86,8,2.23,97,1.14,166,4.2,0.033,0.0040123912,0.15348130314,26.7623460786384
"CES06",2007-07-30,2008,7,21,7.8,21.5,116,0.942,158,4.2,0.062,0.00058228604,0.01877994808,26.7623460786384
"CES06",2008-08-26,2009,0.5,180,6.1,0.14,202,1.138,232,3,0.222,0.032050198,0.32588200942,26.7623460786384
"CES06",2012-08-01,2013,4.55,44,8,6.67,82,0.8825,119,2.5,0.0135,0.00097618542,0.0721863429,26.7623460786384
"CES06",2013-12-10,2014,9.06,37,8,16.5,32,0.6625,59,1,0.0205,0.0035720068,0.05294888436,26.7623460786384
"CES06",2013-11-18,2014,8.95,55,7.9,13.5,51,0.829,74,1.2,0.156,0.002691238,0.05530738748,26.7623460786384
"CES06",2015-09-15,2016,4.31,156,8,0.22,92,1.14,131,3.2,0.234,0.0085140984,0.2107484012,26.7623460786384
"CES06",2016-05-10,2017,2.8,39,7.9,4.62,48,0.772,78,2.6,0.0225,0.004648502,0.1831020472,26.7623460786384
"CES06",2007-12-17,2008,3,20,8.3,22.5,59,0.68,101,4.3,0.093,0,0,26.7623460786384
"CES06",2013-02-25,2013,4.45,37,7.9,14.4,23,0.7925,67,3.8,0.0185,0.00023976484,0.06711458256,26.7623460786384
"CES06",2009-04-28,2009,4,19,7.4,24.4,49,0.7125,78,0.6,0.0135,0,0.02180636754,26.7623460786384
"CES06",2016-07-13,2017,4.32,143,7.8,0.66,99,1.2,131,2.6,0.309,0.0074865348,0.4385005334,26.7623460786384
"CES06",2008-01-28,2008,8,16,8.2,28.1,29,0.639,73,2.4,0.0115,0,0.00444543586,26.7623460786384
"CES06",2005-08-22,2006,1.71,109.5,7.25,0.2,59,1.25,110,3.9,0.202,0.0192790504,0.6560748928,26.7623460786384
"CES06",2011-12-20,2012,1.36,33,7.8,22.6,38,0.625,58,1.7,0.091,0.00032784172,0.0163186886,26.7623460786384
"CES06",2018-08-21,2019,5.25,140,7.8,1.78,98,1.14,129,3.2,0.2,0.0075110006,0.2291711486,26.7623460786384
"CES06",2013-03-12,2013,4.48,35,8,14.1,30,0.7625,60,2,0.0145,0.002201922,0.073886716,26.7623460786384
"CES06",2017-08-08,2018,7.89,106,8.1,0.61,139,1.16,179,3.4,0.236,0.0029603618,0.13043207296,26.7623460786384
"CES06",2008-04-28,2008,7,17,7.5,23.7,66,1.331,142,9.3,0.157,0,0.00913063656,26.7623460786384
"CES06",2016-09-13,2017,3.7,118,8.1,1.64,86,0.999,109,2.1,0.255,0.0054314076,0.2263575816,26.7623460786384
"CES06",2007-03-26,2007,0.5,18,8.1,28.3,43,0.632,70,1.2,0.013,0,0,26.7623460786384
"CES06",2008-11-24,2009,3,44,8,22.9,33,0.6725,60,2.3,0.0155,0.00099575806,0.03741799452,26.7623460786384
"CES06",2010-05-25,2011,6,58,8,1.32,58,1.192,98,3.8,0.066,0.008440701,0.3804676558,26.7623460786384
"CES06",2012-03-14,2012,4.79,26,8,17.7,16,0.7225,54,1.2,0.0085,0.00012477558,0.03542158524,26.7623460786384
"CES06",2008-12-29,2009,6,46,7.9,15.5,34,0.8725,69,2.2,0.0145,0.00149730696,0.03783146654,26.7623460786384
"CES06",2015-03-10,2015,6.74,40,8,6.5,32,0.845,67,2.9,0.027,0.0050888864,0.12747660432,26.7623460786384
"CES06",2007-08-27,2008,9,22,7.7,20.9,93,0.882,143,4.3,0.056,0,0.01291060266,26.7623460786384
"CES06",2018-01-23,2018,22.7,54,8.3,13.6,21,0.78,64,1.7,0.0125,0.00103490334,0.078208844228,26.7623460786384
"CES06",2013-07-02,2014,10.5,89,7.9,0.29,111,1.244,163,7.1,0.226,0.0236339628,0.2613926072,26.7623460786384
"CES06",2007-09-24,2008,10,39,7.4,12.9,112,0.927,171,3.6,0.141,0.00128200792,0.01641165864,26.7623460786384
"CES06",2009-02-24,2009,3,33,7.6,18.3,39,0.8425,67,2.4,0.0135,0,0.03805165874,26.7623460786384
"CES06",2010-07-28,2011,25,72,8.3,1.72,43,1.278,94,3.6,0.04,0.0038166648,0.372124818,26.7623460786384
"CES06",2007-11-26,2008,5,22,7.5,22.7,57,0.789,84,3.8,0.147,0,0.00065079028,26.7623460786384
"CES06",2019-01-22,2019,2.49,26,8,13.9,57,0.748,88,2.3,0.051,0.00192545846,0.060163359464,26.7623460786384
"CES06",2014-12-09,2015,1.93,65,7.9,9.04,60,0.883,82,3,0.14,0.0029603618,0.08690496818,26.7623460786384
"CES06",2013-09-10,2014,5.27,135,7.5,0.18,74,1.228,107,3.2,0.204,0.0186674054,0.7258758202,26.7623460786384
"CES06",2013-01-28,2013,4.61,42,8,14.5,26,0.7325,54,1.4,0.0085,0.00026667722,0.05240085044,26.7623460786384
"CES06",2010-11-30,2011,4.5,36,7.8,16.4,48,0.706,72,1.3,0.098,0,0.03700696908,26.7623460786384
"CES06",2014-07-08,2015,5.62,18,7.9,14.7,56,0.68,95,1.9,0.0095,0.0027157038,0.0649444661,26.7623460786384
"CES06",2016-11-08,2017,2.94,73,8,7.2,56,0.966,72,0.6,0.253,0.0037188016,0.2570376948,26.7623460786384
"CES06",2007-06-18,2008,14,16,7.6,28.8,62,0.774,117,2.2,0.0165,0.0033518146,0.01175826348,26.7623460786384
"CES06",2011-06-02,2012,6.88,14,8,26.1,53,0.6825,104,3.1,0.0085,0,0.00219213568,26.7623460786384
"CES06",2012-02-14,2012,3.88,26,7.9,20.6,24,0.5825,47,1.2,0.0125,0.0002813567,0.03167587126,26.7623460786384
"CES06",2009-03-24,2009,2,23,7.8,24.3,35,0.5925,60,0.6,0.005,0,0.00487848052,26.7623460786384
"CES06",2012-04-17,2012,2.96,8,7.8,26.3,29,0.6025,56,1.2,0.0075,0,0.01193441724,26.7623460786384
"CES06",2006-09-26,2007,4,135,7.7,0.2,135,1.131,185,3.6,0.241,0.00193769136,0.50615336356,26.7623460786384
"CES06",2018-06-26,2019,8.42,145,7.8,0.25,179,1.57,228,7.4,0.356,0.0076822612,0.3855565422,26.7623460786384
"CES06",2012-09-19,2013,12,162,8,0.22,95,1.328,129,3.5,0.234,0.0093214698,0.3107890574,26.7623460786384
"CES06",2007-10-29,2008,8,33,7.6,17.4,78,0.746,124,2.8,0.025,0.00011988242,0.00684553084,26.7623460786384
"CES06",2009-08-25,2010,23,127,8.1,1.51,106,1.382,156,3.8,0.219,0.0032539514,0.233893048,26.7623460786384
"CES06",2012-05-08,2013,2.79,10,7.9,23.6,32,0.6625,59,1.4,0.005,0,0.02084730818,26.7623460786384
"CES06",2012-07-17,2013,4.91,26,8.1,11.6,69,0.7425,115,2,0.0175,0.0024710458,0.05553981258,26.7623460786384
"CES06",2010-08-31,2011,7,66,7.7,0.4,99,1.13,138,4.7,0.254,0.0073642058,0.18589359498,26.7623460786384
"CES06",2016-03-08,2016,17.1,106,8.1,0.21,25,1.13,69,4.1,0.04,0.0109851442,0.5162039142,26.7623460786384
"CES06",2017-11-28,2018,2.97,142,7.6,0.15,77,1.39,120,6.2,0.272,0.0153889882,0.5595817776,26.7623460786384
"CES07",2013-07-02,2014,22.1,67,8.1,2.19,73,1.182,146,5.7,0.069,0.0236339628,0.2613926072,34.6275307463564
"CES07",2010-06-29,2011,7,44,8,8.25,59,0.911,95,3.3,0.05,0.007584398,0.2472024432,34.6275307463564
"CES07",2015-08-11,2016,9.05,35,8,10.7,57,0.715,86,1.6,0.0155,0.00134072584,0.09315598008,34.6275307463564
"CES07",2010-05-25,2011,9,54,7.9,6.62,64,1.142,108,5.2,0.113,0.008440701,0.3804676558,34.6275307463564
"CES07",2011-04-21,2011,1.95,12,7.8,27.7,35,0.4825,69,0.9,0.0095,0,0.0131503675,34.6275307463564
"CES07",2011-05-18,2012,2.98,8,7.9,30.6,30,0.4425,61,1.7,0.005,0,0.00219213568,34.6275307463564
"CES07",2015-07-21,2016,3.52,18,7.9,16.8,49,0.622,79,2.4,0.018,0.0032050198,0.06296518288,34.6275307463564
"CES07",2016-11-08,2017,2.59,51,8,14.6,43,0.754,61,1.4,0.167,0.0037188016,0.2570376948,34.6275307463564
"CES07",2014-01-07,2014,4.14,30,8,17,45,0.689,77,4.2,0.096,0.00187408028,0.04967046716,34.6275307463564
"CES07",2013-05-21,2014,2.36,17,8,18.3,39,0.6725,67,1.8,0.0095,0.0025933748,0.08075181948,34.6275307463564
"CES07",2018-04-18,2018,2.43,19,7.9,25.3,55,0.577,84,2.5,0.0235,0.00063855738,0.04500239252,34.6275307463564
"CES07",2012-09-19,2013,3.62,126,7.8,3.17,106,1.281,143,4.4,0.334,0.0093214698,0.3107890574,34.6275307463564
"CES07",2010-08-31,2011,5,51,7.8,3.52,93,0.978,124,3.4,0.231,0.0073642058,0.18589359498,34.6275307463564
"CES07",2017-10-18,2018,3.33,189,7.4,0.17,96,1.43,150,7.1,0.297,0.0204778746,0.7928876464,34.6275307463564
"CES07",2014-03-05,2014,1.92,19,7.7,16.3,30,0.5825,51,3.6,0.005,0.00222394122,0.0815445114,34.6275307463564
"CES07",2010-12-21,2011,1.8,28,8.2,19.1,25,0.565,45,0.7,0.015,0,0.02902622512,34.6275307463564
"CES07",2013-12-10,2014,3.91,22,7.9,23.1,28,0.471,46,1.5,0.033,0.0035720068,0.05294888436,34.6275307463564
"CES07",2010-07-28,2011,15,67,7.9,8.05,67,1.148,107,4.5,0.156,0.0038166648,0.372124818,34.6275307463564
"CES07",2012-04-17,2012,1.98,0.5,7.8,32.8,21,0.4225,44,1.6,0.005,0,0.01193441724,34.6275307463564
"CES07",2012-05-08,2013,2.55,0.5,7.9,29.6,25,0.5025,48,1.5,0.005,0,0.02084730818,34.6275307463564
"CES07",2017-05-16,2018,2.24,9,7.9,27.1,36,0.492,56,2.6,0.0135,0.00051867496,0.024366958168,34.6275307463564
"CES07",2016-07-13,2017,5.51,114,7.9,5.58,89,1.12,131,3.8,0.259,0.0074865348,0.4385005334,34.6275307463564
"CES07",2014-06-10,2015,2.84,8,8,24.1,31,0.6,60,1.9,0.0095,0.00159272358,0.03788039814,34.6275307463564
"CES07",2011-07-20,2012,11.5,26,7.9,15.3,63,0.8025,121,5,0.0085,0.00366987,0.0650545622,34.6275307463564
"CES07",2014-12-09,2015,1.47,59,7.9,13.5,50,0.726,72,4,0.106,0.0029603618,0.08690496818,34.6275307463564
"CES07",2018-01-23,2018,10.5,40,8.2,18.2,19,0.627,52,1.6,0.0165,0.00103490334,0.078208844228,34.6275307463564
"CES07",2010-10-27,2011,2,26,8,22.8,40,0.547,61,1.7,0.051,0,0.02760231556,34.6275307463564
"CES07",2012-07-17,2013,5.79,17,8.1,16.8,48,0.6625,79,1.4,0.0175,0.0024710458,0.05553981258,34.6275307463564
"CES07",2010-01-26,2010,2,18,7.8,21.8,32,0.448,52,3,0.025,0.00038655964,0.02294402724,34.6275307463564
"CES07",2010-11-30,2011,2.6,23,7.8,23.5,36,0.511,56,1.9,0.073,0,0.03700696908,34.6275307463564
"CES07",2014-07-08,2015,3.66,9,7.9,22.8,33,0.56,63,2.3,0.026,0.0027157038,0.0649444661,34.6275307463564
"CES07",2013-11-18,2014,7.11,52,7.9,18.4,48,0.785,73,1.8,0.151,0.002691238,0.05530738748,34.6275307463564
"CES07",2013-01-28,2013,2.88,29,8,19.8,25,0.6025,48,2.5,0.0115,0.00026667722,0.05240085044,34.6275307463564
"CES07",2012-08-01,2013,7.97,26,8,13.8,54,1.0825,84,1.8,0.0115,0.00097618542,0.0721863429,34.6275307463564
"CES07",2011-06-02,2012,4.12,7,8,31.2,29,0.4825,58,2.7,0.005,0,0.00219213568,34.6275307463564
"CES07",2015-03-10,2015,5.13,28,7.9,12.9,24,0.717,57,3.4,0.025,0.0050888864,0.12747660432,34.6275307463564
"CES07",2013-08-13,2014,7.23,154,7.6,0.21,72,1.293,115,4.2,0.234,0.0239275524,0.7860372224,34.6275307463564
"CES07",2015-04-14,2015,4.11,22,7.9,12.1,47,0.672,74,1.7,0.016,0.0046729678,0.15338588652,34.6275307463564
"CES07",2013-03-12,2013,2.23,19,8,22.1,23,0.5525,46,2.6,0.0185,0.002201922,0.073886716,34.6275307463564
"CES07",2012-06-19,2013,2.42,3,7.9,26.1,39,0.6125,70,1.7,0.0095,0.00089544828,0.04372283118,34.6275307463564
"CES07",2018-06-26,2019,8.28,103,7.8,4.66,156,1.37,206,5.5,0.278,0.0076822612,0.3855565422,34.6275307463564
"CES07",2017-09-20,2018,10.2,192,7.2,0.13,220,1.19,263,2.1,0.193,0.0229244546,0.58184076244,34.6275307463564
"CES07",2012-11-05,2013,1.2,136,7.8,7.56,73,1.229,96,1.6,0.288,0.0047463652,0.3274991988,34.6275307463564
"CES07",2018-08-21,2019,3.31,98,7.8,12.2,93,0.975,118,1.2,0.187,0.0075110006,0.2291711486,34.6275307463564
"CES07",2014-02-11,2014,3.76,21,7.9,14.6,24,0.615,58,1.2,0.022,0.003302883,0.07145481548,34.6275307463564
"CES07",2011-09-13,2012,15.9,120,7.7,5.16,118,1.23,182,5.8,0.276,0.0055292708,0.173951838,34.6275307463564
"CES07",2012-12-18,2013,3.99,37,7.8,20.9,34,0.646,54,2.5,0.089,0.00022997852,0.05267976056,34.6275307463564
"CES07",2015-01-21,2015,2.64,39,8,14.8,50,0.829,71,3.2,0.171,0.00211873828,0.09881002646,34.6275307463564
"CES07",2012-02-14,2012,2.23,18,7.9,25.2,22,0.449,36,1,0.021,0.0002813567,0.03167587126,34.6275307463564
"CES07",2011-10-18,2012,1.17,55,7.7,16,74,0.806,100,2.9,0.246,0.0074865348,0.06601851472,34.6275307463564
"CES07",2015-09-15,2016,2.06,137,7.8,2.61,119,1.2,168,4.8,0.354,0.0085140984,0.2107484012,34.6275307463564
"CES07",2017-07-12,2018,5.82,56,7.7,8.52,108,1.02,143,3.5,0.177,0.00214565066,0.15471682604,34.6275307463564
"CES07",2017-08-08,2018,3.36,74,7.8,6.73,123,1.03,157,4.4,0.241,0.0029603618,0.13043207296,34.6275307463564
"CES07",2011-11-01,2012,1.17,105,7.9,3.11,81,1.021,120,4.5,0.268,0.01100961,0.17152238406,34.6275307463564
"CES07",2013-09-10,2014,8.27,133,7.7,0.19,70,1.199,101,4.2,0.184,0.0186674054,0.7258758202,34.6275307463564
"CES07",2015-10-13,2016,1.58,89,7.7,10.1,82,1.01,104,1.7,0.298,0.00060675184,0.16581940608,34.6275307463564
"CES07",2011-02-09,2011,6,20,8,20.1,22,0.6125,62,3.7,0.0145,0.00023976484,0.01838115554,34.6275307463564
"CES07",2010-09-29,2011,6,50,8,14.7,38,0.746,72,4.8,0.043,0.0047463652,0.10597116612,34.6275307463564
"CES07",2014-04-09,2014,2.59,19,8,18,37,0.661,63,2.2,0.057,0.0025199774,0.08329136952,34.6275307463564
"CES07",2014-08-12,2015,7.79,47,8,8.12,60,0.86,111,4.4,0.0115,0.0040123912,0.15348130314,34.6275307463564
"CES07",2012-01-10,2012,1.83,26,8,21.7,28,0.506,40,2.9,0.024,0.00017615376,0.03385822062,34.6275307463564
"CES07",2016-05-10,2017,2.4,29,7.8,11.9,40,0.667,68,3.2,0.0135,0.004648502,0.1831020472,34.6275307463564
"CES07",2015-02-10,2015,2.95,38,8,11.8,42,0.831,70,2.6,0.172,0.0027401696,0.10097769634,34.6275307463564
"CES07",2013-02-25,2013,3.88,23,7.9,20.5,21,0.6025,47,3.2,0.0135,0.00023976484,0.06711458256,34.6275307463564
"CES07",2017-11-28,2018,1.91,125,7.7,2.56,75,1.27,108,4.3,0.284,0.0153889882,0.5595817776,34.6275307463564
"CES07",2014-10-14,2015,2.4,65,7.9,13.3,70,0.891,93,1.2,0.216,0.00102022386,0.19298133724,34.6275307463564
"CES07",2012-10-23,2013,0.88,156,7.8,9.99,87,1.325,115,2.9,0.32,0.0080247824,0.3993063218,34.6275307463564
"CES07",2016-03-08,2016,10.1,94,8,4.26,27,0.989,63,4.2,0.058,0.0109851442,0.5162039142,34.6275307463564
"CES07",2012-03-14,2012,2.78,11,7.9,24.7,15,0.5425,40,1.4,0.005,0.00012477558,0.03542158524,34.6275307463564
"CES07",2016-01-13,2016,2.54,50,7.9,12.4,59,0.912,80,2.7,0.209,0.00227287282,0.10133979018,34.6275307463564
"CES07",2014-11-12,2015,2.19,50,7.9,14.6,40,0.72,61,1.4,0.035,0.0006483437,0.07276862894,34.6275307463564
"CES07",2013-04-02,2013,2.16,18,7.9,20.7,23,0.5825,43,1.6,0.0095,0.00184472132,0.05008638576,34.6275307463564
"CES07",2016-09-13,2017,1.69,76,8,8.76,72,0.861,96,2.8,0.247,0.0054314076,0.2263575816,34.6275307463564
"CES07",2009-11-24,2010,3,20,8,24.4,49,0.531,67,1.5,0.047,0.00053335444,0.00087587564,34.6275307463564
"CES07",2010-04-27,2010,32,58,8,5.39,24,1.1525,116,10.2,0.0205,0.0167101414,0.1956285368,34.6275307463564
"CES07",2011-08-03,2012,9.63,26,7.7,16,61,0.675,96,2.3,0.024,0.0026178406,0.0693116114,34.6275307463564
"CES07",2014-09-09,2015,2.57,63,7.6,11.9,106,1.05,137,3.2,0.305,0.006728095,0.14560576212,34.6275307463564
"CES07",2019-04-23,2019,2.8,18,7.9,18.1,49,0.634,71,0.8,0.0105,0.00176643076,0.06802226374,34.6275307463564
"CES07",2013-10-08,2014,5.76,128,7.8,1.31,64,1.203,105,4.2,0.207,0.0104468966,0.522711817,34.6275307463564
"CES08",2015-01-21,2015,1.46,23,7.9,20.4,39,0.672,58,3,0.123,0.00211873828,0.09881002646,38.5678545013055
"CES08",2015-08-11,2016,3.21,9,8,19.5,22,0.492,47,2.3,0.032,0.00134072584,0.09315598008,38.5678545013055
"CES08",2015-03-10,2015,3.02,19,7.9,18.6,23,0.579,51,3.3,0.058,0.0050888864,0.12747660432,38.5678545013055
"CES08",2011-02-09,2011,3.05,16,7.9,23,23,0.534,49,3.2,0.037,0.00023976484,0.01838115554,38.5678545013055
"CES08",2010-09-29,2011,2,38,8,19.8,39,0.646,61,3,0.064,0.0047463652,0.10597116612,38.5678545013055
"CES08",2012-10-23,2013,2.4,64,7.8,25.6,53,0.791,78,4,0.212,0.0080247824,0.3993063218,38.5678545013055
"CES08",2010-05-25,2011,6,19,7.9,26.5,28,0.548,66,5.6,0.054,0.008440701,0.3804676558,38.5678545013055
"CES08",2011-08-03,2012,6.04,20,7.8,21.4,43,0.585,71,1.7,0.037,0.0026178406,0.0693116114,38.5678545013055
"CES08",2017-05-16,2018,2.25,0.5,8,34.1,20,0.38,42,1.8,0.0145,0.00051867496,0.024366958168,38.5678545013055
"CES08",2009-11-24,2010,2,16,7.9,27.6,43,0.463,58,1.5,0.068,0.00053335444,0.00087587564,38.5678545013055
"CES08",2016-03-08,2016,5.45,73,7.9,10.1,26,0.836,58,5.5,0.062,0.0109851442,0.5162039142,38.5678545013055
"CES08",2011-06-02,2012,3.83,3,8.1,35.9,8,0.3425,40,5.6,0.0085,0,0.00219213568,38.5678545013055
"CES08",2011-05-18,2012,2.7,4,7.9,34.8,12,0.348,40,3.7,0.021,0,0.00219213568,38.5678545013055
"CES08",2017-11-28,2018,2.08,91,7.7,11.6,62,1.04,88,3.3,0.232,0.0153889882,0.5595817776,38.5678545013055
"CES08",2011-11-01,2012,0.981,94,7.9,5.47,80,0.97,116,5.3,0.282,0.01100961,0.17152238406,38.5678545013055
"CES08",2013-07-02,2014,7.5,46,7.9,8.65,56,0.943,95,5.2,0.092,0.0236339628,0.2613926072,38.5678545013055
"CES08",2015-04-14,2015,2.12,10,7.9,19.4,36,0.555,56,2.5,0.033,0.0046729678,0.15338588652,38.5678545013055
"CES08",2012-05-08,2013,1.21,0.5,7.9,35.2,14,0.317,34,2.1,0.024,0,0.02084730818,38.5678545013055
"CES08",2014-12-09,2015,1.12,36,7.9,16.6,42,0.675,66,3.8,0.096,0.0029603618,0.08690496818,38.5678545013055
"CES08",2013-08-13,2014,6.94,136,7.7,3.89,64,1.217,104,4.4,0.244,0.0239275524,0.7860372224,38.5678545013055
"CES08",2013-04-02,2013,0.93,4,8,30.6,17,0.4025,37,2.9,0.0125,0.00184472132,0.05008638576,38.5678545013055
"CES08",2012-06-19,2013,1.49,0.5,7.9,32.6,18,0.446,44,2.5,0.018,0.00089544828,0.04372283118,38.5678545013055
"CES08",2012-01-10,2012,1.14,14,8,27.4,22,0.386,37,2.5,0.021,0.00017615376,0.03385822062,38.5678545013055
"CES08",2012-07-17,2013,4.3,5,8,25.3,31,0.55,59,4.6,0.047,0.0024710458,0.05553981258,38.5678545013055
"CES08",2012-02-14,2012,2.57,8,7.9,31.1,8,0.3825,35,3,0.005,0.0002813567,0.03167587126,38.5678545013055
"CES08",2013-10-08,2014,2.88,104,7.8,5.88,63,1.072,96,3.6,0.205,0.0104468966,0.522711817,38.5678545013055
"CES08",2018-04-18,2018,1.49,11,8.3,32.7,37,0.451,60,1.4,0.005,0.00063855738,0.04500239252,38.5678545013055
"CES08",2012-12-18,2013,1.68,20,7.8,26,29,0.526,46,1.9,0.091,0.00022997852,0.05267976056,38.5678545013055
"CES08",2013-09-10,2014,9.28,120,7.8,2.15,69,1.153,111,4.9,0.166,0.0186674054,0.7258758202,38.5678545013055
"CES08",2012-08-01,2013,3,6,8,25.6,33,0.548,55,3.2,0.029,0.00097618542,0.0721863429,38.5678545013055
"CES08",2013-11-18,2014,2.09,28,7.8,22.8,37,0.533,52,1.8,0.109,0.002691238,0.05530738748,38.5678545013055
"CES08",2011-10-18,2012,4.68,38,7.8,17.1,58,0.702,86,4.8,0.217,0.0074865348,0.06601851472,38.5678545013055
"CES08",2013-01-28,2013,1.52,16,8,25.4,21,0.498,41,2.4,0.024,0.00026667722,0.05240085044,38.5678545013055
"CES08",2012-09-19,2013,2.59,95,7.7,8.4,95,1.195,134,6.2,0.337,0.0093214698,0.3107890574,38.5678545013055
"CES08",2015-10-13,2016,1.95,66,7.7,14.1,68,0.901,90,2.2,0.245,0.00060675184,0.16581940608,38.5678545013055
"CES08",2018-06-26,2019,4.76,26,8,29.4,60,0.618,93,2.3,0.068,0.0076822612,0.3855565422,38.5678545013055
"CES08",2011-07-20,2012,4.8,22,7.9,18.9,56,0.619,85,2.4,0.025,0.00366987,0.0650545622,38.5678545013055
"CES08",2010-04-27,2010,4,38,7.9,13.98,26,0.744,58,4.4,0.057,0.0167101414,0.1956285368,38.5678545013055
"CES08",2016-09-13,2017,2.88,10,8.2,27.4,15,0.396,41,3.4,0.041,0.0054314076,0.2263575816,38.5678545013055
"CES08",2012-11-05,2013,1.55,105,7.8,13.1,62,1.07,88,2.3,0.245,0.0047463652,0.3274991988,38.5678545013055
"CES08",2014-02-11,2014,1.9,17,7.9,19.8,23,0.517,43,1.6,0.025,0.003302883,0.07145481548,38.5678545013055
"CES08",2016-11-08,2017,3.12,29,8,21.7,28,0.531,49,1.4,0.083,0.0037188016,0.2570376948,38.5678545013055
"CES08",2014-03-05,2014,1.52,13,7.7,21.5,25,0.5225,43,3.2,0.0075,0.00222394122,0.0815445114,38.5678545013055
"CES08",2018-08-21,2019,4.2,35,8.1,26.3,39,0.566,65,1,0.044,0.0075110006,0.2291711486,38.5678545013055
"CES08",2010-01-26,2010,2,11,7.76,26.89,25,0.3625,41,1.9,0.0205,0.00038655964,0.02294402724,38.5678545013055
"CES08",2011-04-21,2011,1.85,7,7.9,33.6,16,0.325,37,1.7,0.016,0,0.0131503675,38.5678545013055
"CES08",2015-02-10,2015,1.42,22,7.9,18.9,31,0.631,51,1.9,0.112,0.0027401696,0.10097769634,38.5678545013055
"CES08",2012-03-14,2012,3.51,0.5,7.8,32.2,10,0.4025,43,5.8,0.005,0.00012477558,0.03542158524,38.5678545013055
"CES08",2010-07-28,2011,4,53,7.9,13.2,67,0.923,92,2.3,0.192,0.0038166648,0.372124818,38.5678545013055
"CES08",2015-09-15,2016,1.56,116,7.7,6.12,112,1.21,159,6.5,0.362,0.0085140984,0.2107484012,38.5678545013055
"CES08",2013-02-25,2013,2.04,8,8,27.6,17,0.4425,40,2.5,0.0155,0.00023976484,0.06711458256,38.5678545013055
"CES08",2013-12-10,2014,1.76,6,7.9,29.8,19,0.299,35,1.9,0.034,0.0035720068,0.05294888436,38.5678545013055
"CES08",2010-08-31,2011,4,41,7.8,7.66,83,0.899,116,4,0.216,0.0073642058,0.18589359498,38.5678545013055
"CES08",2014-06-10,2015,1.91,0.5,8.1,32.8,11,0.39,35,1.8,0.0175,0.00159272358,0.03788039814,38.5678545013055
"CES08",2014-01-07,2014,1.74,23,7.9,20.6,38,0.561,60,2.7,0.068,0.00187408028,0.04967046716,38.5678545013055
"CES08",2011-12-20,2012,1.3,13,7.8,28.8,24,0.416,43,2.6,0.054,0.00032784172,0.0163186886,38.5678545013055
"CES08",2013-03-12,2013,0.859,2,8,29.2,17,0.3725,32,1.3,0.0145,0.002201922,0.073886716,38.5678545013055
"CES08",2017-09-20,2018,14.8,180,7.4,0.73,199,1.19,249,3.2,0.195,0.0229244546,0.58184076244,38.5678545013055
"CES08",2014-07-08,2015,1.47,0.5,7.9,32.6,18,0.37,39,2.4,0.047,0.0027157038,0.0649444661,38.5678545013055
"CES08",2019-01-22,2019,1.1,12,8,23.5,35,0.537,53,1.6,0.0205,0.00192545846,0.060163359464,38.5678545013055
"CES08",2010-10-27,2011,2,17,8,27,33,0.415,52,1.3,0.053,0,0.02760231556,38.5678545013055
"CES08",2014-08-12,2015,5.23,33,7.9,13.7,48,0.73,81,3.6,0.028,0.0040123912,0.15348130314,38.5678545013055
"CES08",2013-05-21,2014,4.2,4,8.2,31.4,23,0.4425,54,3.2,0.0085,0.0025933748,0.08075181948,38.5678545013055
"CES08",2016-01-13,2016,1.92,35,7.9,17.3,51,0.787,68,4.9,0.168,0.00227287282,0.10133979018,38.5678545013055
"CES08",2010-11-30,2011,2.75,7,7.9,31.5,14,0.328,39,2.6,0.021,0,0.03700696908,38.5678545013055
"CES08",2014-04-09,2014,2.14,11,8,24,31,0.564,56,4.3,0.06,0.0025199774,0.08329136952,38.5678545013055
"CES08",2010-06-29,2011,4,38,7.9,13,57,0.829,84,2.7,0.072,0.007584398,0.2472024432,38.5678545013055
"CES08",2014-09-09,2015,2.43,44,7.6,16.2,78,0.913,109,3.5,0.263,0.006728095,0.14560576212,38.5678545013055
"CES08",2010-12-21,2011,1,21,8.1,22.5,22,0.488,39,0.6,0.021,0,0.02902622512,38.5678545013055
"CES08",2017-07-12,2018,2.58,42,7.7,14.2,85,0.854,109,4.2,0.164,0.00214565066,0.15471682604,38.5678545013055
"CES08",2016-05-10,2017,1.91,13,7.8,23.3,26,0.484,51,2.5,0.0155,0.004648502,0.1831020472,38.5678545013055
"CES08",2014-10-14,2015,2.86,31,7.9,22.5,40,0.637,64,1.5,0.124,0.00102022386,0.19298133724,38.5678545013055
"CES08",2017-08-08,2018,3.02,56,7.8,13.8,96,0.829,124,2.9,0.196,0.0029603618,0.13043207296,38.5678545013055
"CES08",2016-07-13,2017,6.16,41,8,25.8,42,0.62,77,2.2,0.092,0.0074865348,0.4385005334,38.5678545013055
"CES08",2014-11-12,2015,1.26,38,7.9,18.7,39,0.64,55,1.9,0.048,0.0006483437,0.07276862894,38.5678545013055
"CES08",2019-04-23,2019,2.21,5,8,29.1,26,0.44,45,1.3,0.0095,0.00176643076,0.06802226374,38.5678545013055
"CES08",2012-04-17,2012,2.68,0.5,7.9,35.9,7,0.3525,39,5.6,0.005,0,0.01193441724,38.5678545013055
"CES08",2018-01-23,2018,3.26,28,8.2,22,22,0.491,40,1.3,0.0215,0.00103490334,0.078208844228,38.5678545013055
"CES09",2011-02-09,2011,1.75,13,7.9,25.8,22,0.47,45,2.5,0.049,0.00023976484,0.01838115554,40.6210947477844
"CES09",2014-01-07,2014,1.2,20,7.8,22,37,0.515,53,2.3,0.079,0.00187408028,0.04967046716,40.6210947477844
"CES09",2011-08-03,2012,3.93,13,7.9,29.4,27,0.451,48,3.1,0.026,0.0026178406,0.0693116114,40.6210947477844
"CES09",2014-11-12,2015,1.22,30,7.8,21.5,36,0.573,53,2.9,0.052,0.0006483437,0.07276862894,40.6210947477844
"CES09",2014-06-10,2015,2.3,0.5,8.1,33.3,7,0.41,30,2.1,0.0095,0.00159272358,0.03788039814,40.6210947477844
"CES09",2010-10-27,2011,2,16,8.1,27.5,33,0.444,52,1.8,0.047,0,0.02760231556,40.6210947477844
"CES09",2016-07-13,2017,10.2,45,8.1,25.2,35,0.616,73,2,0.046,0.0074865348,0.4385005334,40.6210947477844
"CES09",2010-05-25,2011,8,18,8,28.1,21,0.593,63,4.4,0.038,0.008440701,0.3804676558,40.6210947477844
"CES09",2019-01-22,2019,1.98,5,8.1,28.9,21,0.44,50,4.4,0.0105,0.00192545846,0.060163359464,40.6210947477844
"CES09",2017-11-28,2018,1.67,59,7.8,20,49,0.791,70,2.8,0.197,0.0153889882,0.5595817776,40.6210947477844
"CES09",2010-08-31,2011,4,30,7.9,14.5,63,0.767,89,3.6,0.162,0.0073642058,0.18589359498,40.6210947477844
"CES09",2011-04-21,2011,1.8,6,8,34.6,12,0.3025,35,2.6,0.0075,0,0.0131503675,40.6210947477844
"CES09",2018-08-22,2019,3.98,53,8.3,28.7,52,0.868,108,1,0.062,0.007584398,0.227654269,40.6210947477844
"CES09",2016-01-13,2016,1.72,30,7.9,18.9,47,0.743,67,3.2,0.157,0.00227287282,0.10133979018,40.6210947477844
"CES09",2012-07-17,2013,3.43,0.5,8.1,29.9,13,0.4325,41,3.2,0.0195,0.0024710458,0.05553981258,40.6210947477844
"CES09",2016-11-08,2017,3.69,10,7.9,31.1,17,0.338,36,2.1,0.034,0.0037188016,0.2570376948,40.6210947477844
"CES09",2010-06-29,2011,5,24,8,22.1,40,0.72,68,2.1,0.034,0.007584398,0.2472024432,40.6210947477844
"CES09",2013-09-10,2014,4.54,91,7.8,8.6,59,0.898,87,4.7,0.157,0.0186674054,0.7258758202,40.6210947477844
"CES09",2016-03-08,2016,5.03,61,7.9,15.2,23,0.752,57,5.5,0.05,0.0109851442,0.5162039142,40.6210947477844
"CES09",2012-09-19,2013,3.98,83,7.7,11.2,82,1.108,131,8.7,0.303,0.0093214698,0.3107890574,40.6210947477844
"CES09",2015-04-14,2015,1.85,6,7.9,29.5,29,0.545,51,3.6,0.022,0.0046729678,0.15338588652,40.6210947477844
"CES09",2012-06-19,2013,2.37,0.5,8,34.6,9,0.4025,35,2.8,0.005,0.00089544828,0.04372283118,40.6210947477844
"CES09",2011-05-18,2012,4.65,5,8,34.8,6,0.3525,37,5.1,0.0075,0,0.00219213568,40.6210947477844
"CES09",2010-12-21,2011,0.85,15,8.1,27.8,18,0.398,35,0.7,0.02,0,0.02902622512,40.6210947477844
"CES09",2012-12-18,2013,1.42,9,7.8,29,24,0.414,40,2.4,0.078,0.00022997852,0.05267976056,40.6210947477844
"CES09",2015-09-15,2016,2.3,100,7.8,9.13,101,1.14,145,5.4,0.345,0.0085140984,0.2107484012,40.6210947477844
"CES09",2017-05-16,2018,1.86,0.5,8,34.6,19,0.346,41,3,0.013,0.00051867496,0.024366958168,40.6210947477844
"CES09",2019-04-23,2019,2.91,3,8.1,31.1,14,0.418,42,2.3,0.005,0.00176643076,0.06802226374,40.6210947477844
"CES09",2010-09-29,2011,2,32,8,22.5,37,0.651,67,4.3,0.084,0.0047463652,0.10597116612,40.6210947477844
"CES09",2011-07-20,2012,4.22,17,7.9,23.4,42,0.545,71,2.1,0.031,0.00366987,0.0650545622,40.6210947477844
"CES09",2012-05-08,2013,1.63,0.5,8,36,8,0.2925,30,3,0.005,0,0.02084730818,40.6210947477844
"CES09",2011-11-01,2012,1.29,91,7.8,6.17,80,0.99,120,6.3,0.284,0.01100961,0.17152238406,40.6210947477844
"CES09",2017-08-08,2018,5.69,35,7.9,19.7,56,0.635,85,2.3,0.08,0.0029603618,0.13043207296,40.6210947477844
"CES09",2012-01-10,2012,1.3,10,8,29.1,18,0.3625,40,5,0.0135,0.00017615376,0.03385822062,40.6210947477844
"CES09",2011-10-18,2012,1.77,32,7.7,23.3,51,0.668,86,7.1,0.205,0.0074865348,0.06601851472,40.6210947477844
"CES09",2011-09-13,2012,18.2,41,8.1,27.3,22,0.7425,86,5.7,0.0115,0.0055292708,0.173951838,40.6210947477844
"CES09",2012-02-14,2012,3.47,8,7.8,31.4,7,0.3725,36,3.9,0.005,0.0002813567,0.03167587126,40.6210947477844
"CES09",2014-03-05,2014,1.02,7,7.7,26.1,23,0.4125,36,2.5,0.005,0.00222394122,0.0815445114,40.6210947477844
"CES09",2014-10-14,2015,6.32,7,7.9,23.7,15,0.391,36,1.6,0.034,0.00102022386,0.19298133724,40.6210947477844
"CES09",2014-08-12,2015,4.41,20,7.8,19.7,31,0.64,68,3.9,0.051,0.0040123912,0.15348130314,40.6210947477844
"CES09",2015-02-10,2015,1.2,12,7.9,23.8,23,0.547,41,1.5,0.085,0.0027401696,0.10097769634,40.6210947477844
"CES09",2012-03-14,2012,4.3,0.5,7.9,34.3,5,0.3925,42,6.6,0.005,0.00012477558,0.03542158524,40.6210947477844
"CES09",2013-02-25,2013,2.44,0.5,8,30.8,11,0.3525,35,3.2,0.0095,0.00023976484,0.06711458256,40.6210947477844
"CES09",2010-07-28,2011,7,34,8,20.5,52,0.765,81,2,0.119,0.0038166648,0.372124818,40.6210947477844
"CES09",2013-03-12,2013,1.27,0.5,8,31.8,12,0.3125,30,2.3,0.0085,0.002201922,0.073886716,40.6210947477844
"CES09",2013-05-21,2014,5.4,0.5,8.2,34,15,0.4025,44,3.3,0.0075,0.0025933748,0.08075181948,40.6210947477844
"CES09",2012-10-23,2013,2.46,72,7.8,19.6,52,0.845,83,4.4,0.203,0.0080247824,0.3993063218,40.6210947477844
"CES09",2018-01-23,2018,2.38,16,8.1,25.8,22,0.445,40,2,0.021,0.00103490334,0.078208844228,40.6210947477844
"CES09",2013-04-02,2013,0.919,0.5,8,31.2,14,0.3525,30,1.5,0.0075,0.00184472132,0.05008638576,40.6210947477844
"CES09",2014-12-09,2015,0.987,30,7.9,18.2,40,0.595,63,3.7,0.091,0.0029603618,0.08690496818,40.6210947477844
"CES09",2015-10-13,2016,1.96,52,7.7,17.5,57,0.82,81,3,0.203,0.00060675184,0.16581940608,40.6210947477844
"CES09",2013-08-13,2014,6.36,96,7.8,11.6,47,0.98,85,3.9,0.183,0.0239275524,0.7860372224,40.6210947477844
"CES09",2012-11-05,2013,1.81,89,7.8,15.8,56,0.961,81,2.4,0.212,0.0047463652,0.3274991988,40.6210947477844
"CES09",2013-07-02,2014,7.1,31,8,16,38,0.763,72,3.4,0.048,0.0236339628,0.2613926072,40.6210947477844
"CES09",2011-06-02,2012,3.85,3,8.2,35.9,5,0.3225,32,2.9,0.005,0,0.00219213568,40.6210947477844
"CES09",2013-12-10,2014,1.88,7,8,31.7,17,0.3125,36,2.7,0.0165,0.0035720068,0.05294888436,40.6210947477844
"CES09",2012-08-01,2013,3.17,0.5,8,28.4,20,0.5025,47,3.2,0.0125,0.00097618542,0.0721863429,40.6210947477844
"CES09",2013-11-18,2014,1.67,22,7.8,25.3,34,0.474,48,1.8,0.081,0.002691238,0.05530738748,40.6210947477844
"CES09",2013-10-08,2014,3.11,67,7.8,14.4,51,0.918,103,9.4,0.169,0.0104468966,0.522711817,40.6210947477844
"CES09",2014-04-09,2014,1.41,8,7.9,26.2,28,0.552,53,2.8,0.054,0.0025199774,0.08329136952,40.6210947477844
"CES09",2014-07-08,2015,3.71,0.5,7.9,30.3,14,0.43,41,2.8,0.03,0.0027157038,0.0649444661,40.6210947477844
"CES09",2016-09-13,2017,4.34,27,8.2,26.3,29,0.525,57,3.6,0.095,0.0054314076,0.2263575816,40.6210947477844
"CES09",2009-11-24,2010,2,15,7.9,28.7,38,0.455,55,1.6,0.07,0.00053335444,0.00087587564,40.6210947477844
"CES09",2013-01-28,2013,1.67,5,8,29,16,0.4025,37,2.4,0.0145,0.00026667722,0.05240085044,40.6210947477844
"CES09",2017-10-18,2018,2,160,7.6,4.63,103,1.28,139,5,0.321,0.0204778746,0.7928876464,40.6210947477844
"CES09",2010-04-27,2010,5,23,7.9,21.4,21,0.607,51,3.4,0.025,0.0167101414,0.1956285368,40.6210947477844
"CES09",2014-09-09,2015,2.89,34,7.7,19.3,64,0.764,93,3.6,0.217,0.006728095,0.14560576212,40.6210947477844
"CES09",2012-04-17,2012,2.2,0.5,8,35.8,7,0.3925,43,6.8,0.005,0,0.01193441724,40.6210947477844
"CES09",2015-08-11,2016,4.2,6,8,28.2,15,0.447,40,2.5,0.02,0.00134072584,0.09315598008,40.6210947477844
"CES09",2017-09-20,2018,7.74,167,7.4,2.43,193,1.14,238,3.2,0.208,0.0229244546,0.58184076244,40.6210947477844
"CES09",2016-05-10,2017,2.17,4,7.8,29.6,16,0.399,45,3.7,0.0155,0.004648502,0.1831020472,40.6210947477844
"CES09",2011-12-20,2012,2.23,10,7.8,31,17,0.382,37,3.4,0.028,0.00032784172,0.0163186886,40.6210947477844
"CES09",2010-01-26,2010,2,8,7.8,30.2,19,0.3325,41,4.8,0.0105,0.00038655964,0.02294402724,40.6210947477844
"CES09",2010-11-30,2011,2.65,9,8,32.4,17,0.327,42,4.4,0.017,0,0.03700696908,40.6210947477844
"CES09",2018-06-26,2019,4.74,16,8.2,30.5,35,0.477,61,2.4,0.013,0.0076822612,0.3855565422,40.6210947477844
"CES09",2014-02-11,2014,1.6,14,7.9,21.9,22,0.487,40,1.9,0.021,0.003302883,0.07145481548,40.6210947477844
